Year,Player,Age,G,MP,PER,TS%,WS,VORP,FG%,FT%,TRB,AST,STL,BLK,PTS,PPG,RPG,APG,SPG,BPG
2019,Alex Abrines\abrinal01,25,31,589,6.3,0.507,0.6,-0.2,0.35700000000000000,0.9230000000000000,46.5,18.600000000000000,15.5,6.2,164.30000000000000,5.3,1.5,0.6,0.5,0.2
2019,Quincy Acy\acyqu01,28,10,123,2.9,0.379,-0.1,-0.1,0.222,0.7,25,8,1,4,17,1.7,2.5,0.8,0.1,0.4
2019,Jaylen Adams\adamsja01,22,34,428.4,7.6,0.474,0.1,-0.3,0.345,0.778,61.2,64.6,13.600000000000000,3.4000000000000000,108.80000000000000,3.2,1.8,1.9,0.4,0.1
2019,Steven Adams\adamsst01,25,80,2672,18.5,0.591,9.1,3.2,0.595,0.5,760,128,120,80,1112,13.9,9.5,1.6,1.5,1
2019,Bam Adebayo\adebaba01,21,82,1910.6000000000000,17.9,0.623,6.8,2.4,0.5760000000000000,0.735,598.6,180.4,73.8,65.60000000000000,729.8000000000000,8.9,7.3,2.2,0.9,0.8
2019,Deng Adel\adelde01,21,19,193.80000000000000,2.7,0.424,-0.2,-0.3,0.306,1,19,5.7,1.9000000000000000,3.8000000000000000,32.3,1.7,1,0.3,0.1,0.2
2019,DeVaughn Akoon-Purcell\akoonde01,25,7,21.7,8.2,0.322,0,0,0.3,0.5,4.2,6.3,2.1,0,7,1,0.6,0.9,0.3,0
2019,LaMarcus Aldridge\aldrila01,33,81,2689.2000000000000,22.9,0.5760000000000000,9.3,2.5,0.519,0.847,745.2000000000000,194.4,40.5,105.3,1725.3,21.3,9.2,2.4,0.5,1.3
2019,Rawle Alkins\alkinra01,21,10,120,8.1,0.418,-0.1,-0.1,0.33300000000000000,0.667,26,13,1,0,37,3.7,2.6,1.3,0.1,0
2019,Grayson Allen\allengr01,23,38,414.2,7.5,0.516,0,-0.5,0.376,0.75,22.8,26.600000000000000,7.6000000000000000,7.6000000000000000,212.80000000000000,5.6,0.6,0.7,0.2,0.2
2019,Jarrett Allen\allenja01,20,80,2096,18.5,0.632,7.7,2.4,0.59,0.7090000000000000,672,112,40,120,872,10.9,8.4,1.4,0.5,1.5
2019,Kadeem Allen\allenka01,26,19,416.10000000000000,16.2,0.574,1,0.1,0.461,0.778,51.300000000000000,76,15.200000000000000,3.8000000000000000,188.1,9.9,2.7,4,0.8,0.2
2019,Al-Farouq Aminu\aminual01,28,81,2292.3,13.2,0.568,5.8,1.7,0.433,0.867,607.5,105.3,64.8,32.4,761.4,9.4,7.5,1.3,0.8,0.4
2019,Justin Anderson\anderju01,25,48,460.80000000000000,11.2,0.516,0.4,-0.1,0.408,0.743,86.4,24,24,14.400000000000000,177.60000000000000,3.7,1.8,0.5,0.5,0.3
2019,Kyle Anderson\anderky01,25,43,1281.4,12.8,0.569,2.7,1,0.5430000000000000,0.578,249.4,129,55.9,38.7,344,8,5.8,3,1.3,0.9
2019,Ryan Anderson\anderry01,30,25,322.5,4.6,0.414,-0.2,-0.4,0.304,0.75,55.00000000000000,20,5,0,62.5,2.5,2.2,0.8,0.2,0
2019,Ryan Anderson\anderry01,30,15,277.5,4.6,0.423,-0.2,-0.3,0.317,0.7860000000000000,45,16.5,3,1.5,55.5,3.7,3,1.1,0.2,0.1
2019,Ryan Anderson\anderry01,30,10,44,4.5,0.354,0,0,0.222,0.5,9,2,1,0,7,0.7,0.9,0.2,0.1,0
2019,Ike Anigbogu\anigbik01,20,3,6,-6,0,-0.1,0,0,,3,0.9000000000000000,0,0.9000000000000000,0,0,1,0.3,0,0.3
2019,Kostas Antetokounmpo\antetko01,21,2,11,-0.9,0.21,-0.1,0,0,0.5,1,0,2,0,2,1,0.5,0,1,0
2019,Carmelo Anthony\anthoca01,34,10,294,10.9,0.513,0.3,-0.3,0.405,0.682,54,5,4,7,134,13.4,5.4,0.5,0.4,0.7
2019,OG Anunoby\anunoog01,21,67,1353.4000000000000,9.8,0.544,2,0.3,0.45300000000000000,0.581,194.30000000000000,46.9,46.9,20.100000000000000,469,7,2.9,0.7,0.7,0.3
2019,Ryan Arcidiacono\arcidry01,24,81,1960.2,11.6,0.588,3.7,0.5,0.447,0.873,218.70000000000000,267.3,64.8,0,542.7,6.7,2.7,3.3,0.8,0
2019,Trevor Ariza\arizatr01,33,69,2346,12.1,0.534,2.5,0.9,0.39900000000000000,0.7930000000000000,372.6,255.3,89.7,20.7,862.5,12.5,5.4,3.7,1.3,0.3
2019,Trevor Ariza\arizatr01,33,26,884,10.5,0.525,0.6,0.2,0.379,0.8370000000000000,145.6,85.8,39,7.8,257.40000000000000,9.9,5.6,3.3,1.5,0.3
2019,Trevor Ariza\arizatr01,33,43,1466.3,13,0.5380000000000000,1.9,0.7,0.409,0.777,227.9,163.4,51.6,12.9,606.3,14.1,5.3,3.8,1.2,0.3
2019,D.J. Augustin\augusdj01,31,81,2268,15.7,0.616,6.9,1,0.47,0.866,202.5,429.3,48.6,0,947.7000000000000,11.7,2.5,5.3,0.6,0
2019,Deandre Ayton\aytonde01,20,71,2179.7,20.5,0.608,5.8,1.2,0.585,0.746,731.3000000000000,127.8,63.9,63.9,1157.3,16.3,10.3,1.8,0.9,0.9
2019,Dwayne Bacon\bacondw01,23,43,761.1,11.7,0.57,1.2,-0.3,0.475,0.7390000000000000,90.3,47.300000000000000,12.9,4.3,313.9,7.3,2.1,1.1,0.3,0.1
2019,Marvin Bagley\baglema01,19,62,1568.6000000000000,18.9,0.562,3.6,0.1,0.504,0.691,471.2,62,31,62,923.8000000000000,14.9,7.6,1,0.5,1
2019,Ron Baker\bakerro01,25,15,151.5,2.5,0.309,-0.1,-0.2,0.2,0.833,10.5,15,6,1.5,13.5,0.9,0.7,1,0.4,0.1
2019,Ron Baker\bakerro01,25,11,106.70000000000000,4.4,0.376,0,-0.1,0.25,0.833,6.6,13.2,5.5,0,14.3,1.3,0.6,1.2,0.5,0
2019,Ron Baker\bakerro01,25,4,45.2,-2,0,-0.1,-0.1,0,,4,2,1.2,1.2,0,0,1,0.5,0.3,0.3
2019,Wade Baldwin\baldwwa01,22,16,94.4,1.3,0.396,-0.3,-0.2,0.303,0.727,14.4,12.8,1.6,1.6,30.4,1.9,0.9,0.8,0.1,0.1
2019,Lonzo Ball\balllo01,21,47,1424.1000000000000,11.7,0.48700000000000000,1.6,0.9,0.406,0.41700000000000000,249.1,253.8,70.5,18.8,465.3,9.9,5.3,5.4,1.5,0.4
2019,Mohamed Bamba\bambamo01,20,47,766.1,14.9,0.539,1.7,0.4,0.48100000000000000,0.5870000000000000,235,37.6,14.1,65.8,291.40000000000000,6.2,5,0.8,0.3,1.4
2019,J.J. Barea\bareajo01,34,38,752.4,16.3,0.495,1,0.2,0.418,0.705,95,212.80000000000000,22.8,0,414.2,10.9,2.5,5.6,0.6,0
2019,Harrison Barnes\barneha02,26,77,2533.3000000000000,12.8,0.55,3.6,-0.2,0.42,0.8240000000000000,361.90000000000000,115.5,46.200000000000000,15.4,1262.8,16.4,4.7,1.5,0.6,0.2
2019,Harrison Barnes\barneha02,26,49,1582.7000000000000,13.1,0.5380000000000000,1.9,-0.4,0.40400000000000000,0.833,205.8,63.7,34.3,9.8,867.3,17.7,4.2,1.3,0.7,0.2
2019,Harrison Barnes\barneha02,26,28,949.2000000000000,12.3,0.578,1.7,0.2,0.455,0.8,154,53.200000000000000,16.8,2.8000000000000000,400.40000000000000,14.3,5.5,1.9,0.6,0.1
2019,Will Barton\bartowi01,28,43,1191.1,11,0.501,1.2,-0.1,0.402,0.77,197.80000000000000,124.7,17.2,21.5,494.5,11.5,4.6,2.9,0.4,0.5
2019,Keita Bates-Diop\bateske01,23,30,504,9.6,0.489,0.3,-0.1,0.423,0.643,84,18,18,15,150,5,2.8,0.6,0.6,0.5
2019,Nicolas Batum\batumni01,30,75,2355,11.9,0.581,3.7,1.7,0.45,0.865,390,247.5,67.5,45,697.5,9.3,5.2,3.3,0.9,0.6
2019,Jerryd Bayless\bayleje01,30,34,656.2,8.5,0.431,0,-0.5,0.35700000000000000,0.5710000000000000,61.2,119,17,3.4000000000000000,207.40000000000000,6.1,1.8,3.5,0.5,0.1
2019,Aron Baynes\baynear01,32,51,821.1,14,0.5670000000000000,2.4,0.5,0.47100000000000000,0.855,239.70000000000000,56.1,10.200000000000000,35.700000000000000,285.60000000000000,5.6,4.7,1.1,0.2,0.7
2019,Kent Bazemore\bazemke01,29,67,1641.5,11.9,0.507,0.7,-0.1,0.402,0.726,261.3,154.1,87.10000000000000,40.200000000000000,777.2000000000000,11.6,3.9,2.3,1.3,0.6
2019,Bradley Beal\bealbr01,25,82,3025.8000000000000,20.8,0.581,7.6,3.7,0.475,0.8080000000000000,410,451,123,57.4,2099.2000000000000,25.6,5,5.5,1.5,0.7
2019,Malik Beasley\beaslma01,22,81,1879.2,14.2,0.599,4.5,0.7,0.474,0.848,202.5,97.2,56.700000000000000,8.1,915.3000000000000,11.3,2.5,1.2,0.7,0.1
2019,Michael Beasley\beaslmi01,30,26,278.2,15.9,0.532,0.2,-0.1,0.49,0.718,59.8,26,7.8,10.4,182,7,2.3,1,0.3,0.4
2019,Marco Belinelli\belinma01,32,79,1817,11.9,0.557,2.5,0,0.413,0.903,197.5,134.30000000000000,31.6,7.9,829.5,10.5,2.5,1.7,0.4,0.1
2019,Jordan Bell\belljo01,24,68,788.8,12.9,0.531,1.6,0.3,0.516,0.61,183.60000000000000,74.80000000000000,20.4,54.400000000000000,224.40000000000000,3.3,2.7,1.1,0.3,0.8
2019,DeAndre' Bembry\bembrde01,24,82,1927,10.8,0.508,0.9,-0.1,0.446,0.64,360.8,205,106.60000000000000,41,688.8000000000000,8.4,4.4,2.5,1.3,0.5
2019,Dragan Bender\bendedr01,21,46,828,9.5,0.521,0.5,-0.3,0.447,0.593,184,55.200000000000000,18.400000000000000,23,230,5,4,1.2,0.4,0.5
2019,Dairis Bertans\bertada02,29,12,166.8,2,0.36200000000000000,-0.2,-0.2,0.255,,9.600000000000000,9.600000000000000,1.2000000000000000,0,33.600000000000000,2.8,0.8,0.8,0.1,0
2019,Davis Bertans\bertada01,26,76,1634,13,0.632,4,1.3,0.45,0.883,266,98.8,38,30.400000000000000,608,8,3.5,1.3,0.5,0.4
2019,Patrick Beverley\beverpa01,30,78,2137.2,11.8,0.561,4.8,2.3,0.40700000000000000,0.78,390,296.4,70.2,46.8,592.8,7.6,5,3.8,0.9,0.6
2019,Khem Birch\birchkh01,26,50,645,19.2,0.64,2.8,0.7,0.603,0.6990000000000000,190,40,20,30,240,4.8,3.8,0.8,0.4,0.6
2019,Bismack Biyombo\biyombi01,26,54,783,14.4,0.602,2,0.2,0.5710000000000000,0.637,248.40000000000000,32.4,10.8,43.2,237.60000000000000,4.4,4.6,0.6,0.2,0.8
2019,Nemanja Bjelica\bjeline01,30,77,1786.4000000000000,15.4,0.585,4.5,1.8,0.479,0.7610000000000000,446.60000000000000,146.30000000000000,53.9,53.9,739.2000000000000,9.6,5.8,1.9,0.7,0.7
2019,Antonio Blakeney\blakean01,22,57,826.5,10.6,0.48700000000000000,-0.5,-1.3,0.419,0.6580000000000000,108.3,39.9,11.4,11.4,416.10000000000000,7.3,1.9,0.7,0.2,0.2
2019,Eric Bledsoe\bledser01,29,78,2269.8,19.3,0.5770000000000000,8.2,3.2,0.484,0.75,358.80000000000000,429,117,31.200000000000000,1240.2,15.9,4.6,5.5,1.5,0.4
2019,Jaron Blossomgame\blossja01,25,27,440.1,10.2,0.51,0.3,-0.3,0.44300000000000000,0.769,97.2,13.5,8.1,8.1,113.4,4.2,3.6,0.5,0.3,0.3
2019,Bogdan Bogdanovic\bogdabo01,26,70,1946,14.1,0.53,2.7,0.6,0.418,0.8270000000000000,245,266,70,14,987,14.1,3.5,3.8,1,0.2
2019,Bojan Bogdanovic\bogdabo02,29,81,2575.8,16.1,0.613,6.8,1.3,0.49700000000000000,0.807,332.10000000000000,162,72.9,0,1458,18,4.1,2,0.9,0
2019,Andrew Bogut\bogutan01,34,11,134.2,13.4,0.523,0.3,0,0.5,1,55,11,3.3,7.700000000000000,38.5,3.5,5,1,0.3,0.7
2019,Jonah Bolden\boldejo01,23,44,638,12.7,0.595,1.4,0.5,0.494,0.48100000000000000,167.2,39.6,17.6,39.6,206.8,4.7,3.8,0.9,0.4,0.9
2019,Isaac Bonga\bongais01,19,22,121,6,0.24,-0.1,-0.1,0.152,0.6,24.200000000000000,15.400000000000000,8.8,4.4,19.8,0.9,1.1,0.7,0.4,0.2
2019,Devin Booker\bookede01,22,64,2240,20.2,0.584,3.5,1.6,0.467,0.866,262.4,435.2,57.6,12.8,1702.4,26.6,4.1,6.8,0.9,0.2
2019,Chris Boucher\bouchch01,26,28,162.4,22.2,0.563,0.7,0.1,0.447,0.867,56,2.8000000000000000,5.6000000000000000,25.2,92.40000000000000,3.3,2,0.1,0.2,0.9
2019,Avery Bradley\bradlav01,28,63,1902.6,7.6,0.496,0.3,-0.4,0.408,0.86,176.40000000000000,151.2,44.100000000000000,18.9,623.7,9.9,2.8,2.4,0.7,0.3
2019,Avery Bradley\bradlav01,28,49,1465.1,5.5,0.46400000000000000,-0.3,-0.4,0.38300000000000000,0.8,132.3,98,29.4,14.7,401.80000000000000,8.2,2.7,2,0.6,0.3
2019,Avery Bradley\bradlav01,28,14,442.40000000000000,14.5,0.565,0.7,0.1,0.46300000000000000,0.92,43.4,56,14,0,225.40000000000000,16.1,3.1,4,1,0
2019,Tony Bradley\bradlto01,21,3,36,19.6,0.504,0.1,0,0.5,0.5,15,0.9000000000000000,2.1000000000000000,2.1000000000000000,17.1,5.7,5,0.3,0.7,0.7
2019,Corey Brewer\breweco01,32,31,492.90000000000000,11.6,0.532,1,0.2,0.431,0.721,77.5,40.300000000000000,31,6.2,151.9,4.9,2.5,1.3,1,0.2
2019,Corey Brewer\breweco01,32,7,140,10.8,0.484,0.1,0,0.408,0.6920000000000000,16.8,9.800000000000000,11.9,2.1,53.200000000000000,7.6,2.4,1.4,1.7,0.3
2019,Corey Brewer\breweco01,32,24,352.80000000000000,12,0.562,0.8,0.3,0.446,0.733,60,28.800000000000000,19.200000000000000,4.800000000000000,98.40000000000000,4.1,2.5,1.2,0.8,0.2
2019,Mikal Bridges\bridgmi01,22,82,2419,10.8,0.556,2.9,1.1,0.43,0.805,262.40000000000000,172.20000000000000,131.20000000000000,41,680.6,8.3,3.2,2.1,1.6,0.5
2019,Miles Bridges\bridgmi02,20,80,1696,13.1,0.5480000000000000,2.9,0.6,0.46400000000000000,0.753,320,96,56,48,600,7.5,4,1.2,0.7,0.6
2019,Isaiah Briscoe\briscis01,22,39,557.7,6.7,0.455,0.3,-0.5,0.39900000000000000,0.5770000000000000,74.1,85.80000000000000,11.7,3.9000000000000000,136.5,3.5,1.9,2.2,0.3,0.1
2019,Ryan Broekhoff\broekry01,28,42,453.6,10.7,0.621,0.8,0,0.452,0.789,63,21,4.2,4.2,168,4,1.5,0.5,0.1,0.1
2019,Malcolm Brogdon\brogdma01,26,64,1830.4,17.8,0.614,6.5,1.6,0.505,0.9280000000000000,288,204.8,44.8,12.8,998.4,15.6,4.5,3.2,0.7,0.2
2019,Dillon Brooks\brookdi01,23,18,329.40000000000000,7.6,0.499,0,-0.3,0.402,0.733,30.600000000000000,16.2,10.800000000000000,3.6,135,7.5,1.7,0.9,0.6,0.2
2019,MarShon Brooks\brookma01,30,29,385.70000000000000,11.6,0.518,0.1,-0.3,0.45,0.6970000000000000,46.400000000000000,26.1,8.7,2.9000000000000000,191.40000000000000,6.6,1.6,0.9,0.3,0.1
2019,Bruce Brown\brownbr01,22,74,1450.4,6.9,0.469,1.5,0,0.39800000000000000,0.75,185,88.8,37,37,318.2,4.3,2.5,1.2,0.5,0.5
2019,Jaylen Brown\brownja02,22,74,1916.6,13.5,0.547,3,0,0.465,0.6580000000000000,310.8,103.6,66.60000000000000,29.6,962,13,4.2,1.4,0.9,0.4
2019,Lorenzo Brown\brownlo01,28,26,213.2,6.3,0.38,-0.1,-0.1,0.324,1,31.2,28.6,13,5.2,54.6,2.1,1.2,1.1,0.5,0.2
2019,Sterling Brown\brownst02,23,58,1032.4,10.9,0.563,2.1,0.1,0.465,0.69,185.60000000000000,81.20000000000000,23.200000000000000,5.800000000000000,371.20000000000000,6.4,3.2,1.4,0.4,0.1
2019,Troy Brown\browntr01,19,52,728,11.1,0.48700000000000000,0.6,-0.3,0.415,0.6810000000000000,145.6,78,20.8,5.2,249.6,4.8,2.8,1.5,0.4,0.1
2019,Jalen Brunson\brunsja01,22,73,1591.4,12.8,0.5490000000000000,2.6,-0.2,0.467,0.725,167.90000000000000,233.60000000000000,36.5,7.300000000000000,678.9000000000000,9.3,2.3,3.2,0.5,0.1
2019,Thomas Bryant\bryanth01,21,72,1497.6000000000000,21,0.674,5.6,1.3,0.616,0.7810000000000000,453.60000000000000,93.60000000000000,21.600000000000000,64.8,756,10.5,6.3,1.3,0.3,0.9
2019,Reggie Bullock\bullore01,27,63,1877.4,10.5,0.563,3.1,0.5,0.41200000000000000,0.8590000000000000,170.10000000000000,126,37.8,12.600000000000000,711.9000000000000,11.3,2.7,2,0.6,0.2
2019,Reggie Bullock\bullore01,27,44,1355.2,11,0.569,2.4,0.5,0.413,0.875,123.20000000000000,110,22,4.4,532.4,12.1,2.8,2.5,0.5,0.1
2019,Reggie Bullock\bullore01,27,19,524.4,9.1,0.545,0.7,0,0.41200000000000000,0.81,49.4,20.900000000000000,15.200000000000000,7.6000000000000000,176.70000000000000,9.3,2.6,1.1,0.8,0.4
2019,Trey Burke\burketr01,26,58,1125.2000000000000,16.5,0.524,1.9,-0.1,0.431,0.831,98.6,156.60000000000000,34.8,5.800000000000000,632.2,10.9,1.7,2.7,0.6,0.1
2019,Trey Burke\burketr01,26,33,689.7000000000000,15.6,0.496,0.6,-0.3,0.413,0.8270000000000000,62.700000000000000,92.40000000000000,19.8,6.6000000000000000,389.40000000000000,11.8,1.9,2.8,0.6,0.2
2019,Trey Burke\burketr01,26,25,435.00000000000000,17.9,0.574,1.3,0.1,0.46300000000000000,0.8370000000000000,37.5,65,12.5,2.5,242.50000000000000,9.7,1.5,2.6,0.5,0.1
2019,Alec Burks\burksal01,27,64,1376,12.7,0.523,1.5,-0.1,0.405,0.823,236.8,128,38.4,19.2,563.2,8.8,3.7,2,0.6,0.3
2019,Alec Burks\burksal01,27,17,268.6,12.4,0.547,0.5,-0.1,0.41200000000000000,0.868,27.200000000000000,20.4,6.800000000000000,3.4000000000000000,142.8,8.4,1.6,1.2,0.4,0.2
2019,Alec Burks\burksal01,27,34,979.2,13.2,0.517,0.9,0.1,0.4,0.8060000000000000,187,98.6,23.800000000000000,17,394.4,11.6,5.5,2.9,0.7,0.5
2019,Alec Burks\burksal01,27,13,127.4,9,0.495,0.2,0,0.45,0.8,22.100000000000000,10.4,7.8,1.3,22.100000000000000,1.7,1.7,0.8,0.6,0.1
2019,Deonte Burton\burtode02,25,32,240,7,0.47,0.1,-0.3,0.402,0.667,28.8,9.6,6.4,9.6,83.2,2.6,0.9,0.3,0.2,0.3
2019,Jimmy Butler\butleji01,29,65,2184,20.2,0.5710000000000000,7.9,2.9,0.462,0.855,344.5,260,123.5,39,1215.5,18.7,5.3,4,1.9,0.6
2019,Jimmy Butler\butleji01,29,10,361,22.3,0.579,1.3,0.6,0.47100000000000000,0.787,52,43,24,10,213,21.3,5.2,4.3,2.4,1
2019,Jimmy Butler\butleji01,29,55,1826.0000000000000,19.8,0.569,6.6,2.3,0.461,0.868,291.5,220,99,27.5,1001,18.2,5.3,4,1.8,0.5
2019,Bruno Caboclo\cabocbr01,23,34,799,12.4,0.5710000000000000,1.5,0.4,0.42700000000000000,0.84,156.40000000000000,51,13.600000000000000,34,282.20000000000000,8.3,4.6,1.5,0.4,1
2019,Jose Calderon\caldejo01,37,49,632.1,7.1,0.45300000000000000,0.6,-0.5,0.375,0.818,58.8,112.70000000000000,14.7,4.9,112.70000000000000,2.3,1.2,2.3,0.3,0.1
2019,Kentavious Caldwell-Pope\caldwke01,25,82,2033.6000000000000,12.9,0.568,4,0.7,0.43,0.867,237.80000000000000,106.60000000000000,73.8,16.400000000000000,934.8000000000000,11.4,2.9,1.3,0.9,0.2
2019,Isaiah Canaan\canaais01,27,30,630,8,0.518,0.1,-0.5,0.39,0.792,57,84,15,3,180,6,1.9,2.8,0.5,0.1
2019,Isaiah Canaan\canaais01,27,19,503.5,7.3,0.515,-0.1,-0.4,0.395,0.75,49.4,62.700000000000000,11.4,0,142.5,7.5,2.6,3.3,0.6,0
2019,Isaiah Canaan\canaais01,27,7,95.2,12.3,0.536,0.2,-0.1,0.379,1,4.9000000000000000,18.900000000000000,2.1,0.7000000000000000,32.9,4.7,0.7,2.7,0.3,0.1
2019,Isaiah Canaan\canaais01,27,4,31.2,5.2,0.5,0,0,0.33300000000000000,,4,3.2,0,1.2,6,1.5,1,0.8,0,0.3
2019,Clint Capela\capelca01,24,67,2251.2000000000000,23.8,0.6580000000000000,10.8,2.8,0.648,0.636,850.9,93.8,46.9,100.5,1112.2,16.6,12.7,1.4,0.7,1.5
2019,DeMarre Carroll\carrode01,32,67,1701.8,12.1,0.546,3.1,0.1,0.395,0.76,348.40000000000000,87.10000000000000,33.5,6.7,743.7000000000000,11.1,5.2,1.3,0.5,0.1
2019,Jevon Carter\carteje01,23,39,577.2,7.8,0.43200000000000000,0,-0.3,0.303,0.813,66.3,70.2,27.300000000000000,11.7,171.60000000000000,4.4,1.7,1.8,0.7,0.3
2019,Vince Carter\cartevi01,42,76,1330,11.8,0.565,1.9,0.1,0.419,0.7120000000000000,197.6,83.60000000000000,45.6,30.400000000000000,562.4,7.4,2.6,1.1,0.6,0.4
2019,Wendell Carter\cartewe01,19,44,1108.8,15.2,0.541,1.9,0.4,0.485,0.795,308,79.2,26.4,57.2,453.20000000000000,10.3,7,1.8,0.6,1.3
2019,Michael Carter-Williams\cartemi01,27,28,372.40000000000000,14.7,0.45800000000000000,0.8,0.2,0.374,0.604,70,70,19.600000000000000,14,134.4,4.8,2.5,2.5,0.7,0.5
2019,Michael Carter-Williams\cartemi01,27,16,145.6,12.7,0.47600000000000000,0.1,-0.1,0.41,0.462,12.8,20.8,9.6,6.4,68.8,4.3,0.8,1.3,0.6,0.4
2019,Michael Carter-Williams\cartemi01,27,12,226.80000000000000,16.1,0.44,0.6,0.3,0.33900000000000000,0.741,57.600000000000000,49.200000000000000,10.8,9.600000000000000,64.80000000000000,5.4,4.8,4.1,0.9,0.8
2019,Alex Caruso\carusal01,24,25,530,13.9,0.569,1,0.2,0.445,0.797,67.5,77.5,25,10,230.00000000000000,9.2,2.7,3.1,1,0.4
2019,Omri Casspi\casspom01,30,36,518.4,15.7,0.606,1.3,0,0.534,0.672,115.2,25.2,21.600000000000000,10.800000000000000,226.80000000000000,6.3,3.2,0.7,0.6,0.3
2019,Willie Cauley-Stein\caulewi01,25,81,2211.3,18,0.5660000000000000,6.7,2.3,0.556,0.551,680.4,194.4,97.2,48.6,963.9,11.9,8.4,2.4,1.2,0.6
2019,Troy Caupain\caupatr01,23,4,16,30.7,0.625,0.1,0,0.5,,3.2,4,1.2,0,10,2.5,0.8,1,0.3,0
2019,Tyler Cavanaugh\cavanty01,24,11,38.5,5,0.414,0,0,0.3,1,7.700000000000000,1.1,0,0,8.8,0.8,0.7,0.1,0,0
2019,Tyson Chandler\chandty01,36,55,874.5,11.2,0.63,2.1,0.2,0.616,0.586,308,38.5,22,22,170.5,3.1,5.6,0.7,0.4,0.4
2019,Tyson Chandler\chandty01,36,7,88.90000000000000,11.5,0.653,0.2,-0.1,0.667,0.556,39.200000000000000,6.3,2.1,0.7000000000000000,25.900000000000000,3.7,5.6,0.9,0.3,0.1
2019,Tyson Chandler\chandty01,36,48,787.2000000000000,11.2,0.626,1.9,0.2,0.609,0.594,268.80000000000000,28.800000000000000,19.200000000000000,24,148.8,3.1,5.6,0.6,0.4,0.5
2019,Wilson Chandler\chandwi01,31,51,1178.1000000000000,8.5,0.537,1.5,0.3,0.418,0.72,214.20000000000000,81.60000000000000,25.5,20.400000000000000,306,6,4.2,1.6,0.5,0.4
2019,Wilson Chandler\chandwi01,31,36,950.4,9.1,0.561,1.5,0.4,0.44,0.722,169.20000000000000,72,21.600000000000000,18,241.20000000000000,6.7,4.7,2,0.6,0.5
2019,Wilson Chandler\chandwi01,31,15,226.5,5.8,0.46300000000000000,0,-0.2,0.348,0.7140000000000000,46.5,10.5,3,3,64.5,4.3,3.1,0.7,0.2,0.2
2019,Joe Chealey\chealjo01,23,1,8,2,0.33300000000000000,0,0,0.33300000000000000,,0,1,0,0,2,2,0,1,0,0
2019,Chris Chiozza\chiozch01,23,7,32.9,7,0.375,0,0,0.25,,4.2,4.2,0.7000000000000000,0.7000000000000000,6.3,0.9,0.6,0.6,0.1,0.1
2019,Marquese Chriss\chrisma01,21,43,498.8,9.2,0.455,-0.2,-0.5,0.37200000000000000,0.711,141.9,21.5,17.2,12.9,180.6,4.2,3.3,0.5,0.4,0.3
2019,Marquese Chriss\chrisma01,21,16,104,3.4,0.391,-0.2,-0.2,0.324,0.857,28.8,6.4,1.6,4.8,28.8,1.8,1.8,0.4,0.1,0.3
2019,Marquese Chriss\chrisma01,21,27,394.2,10.7,0.47,0,-0.3,0.384,0.684,113.4,16.2,16.2,8.1,153.9,5.7,4.2,0.6,0.6,0.3
2019,Gary Clark\clarkga01,24,51,642.6,9.2,0.48,1,0,0.331,1,117.3,20.400000000000000,20.400000000000000,25.5,147.9,2.9,2.3,0.4,0.4,0.5
2019,Ian Clark\clarkia01,27,60,972,8.3,0.502,-0.1,-0.8,0.39400000000000000,0.892,90,96,24,6,402,6.7,1.5,1.6,0.4,0.1
2019,Jordan Clarkson\clarkjo01,26,81,2211.3,16.8,0.539,1.8,0,0.44800000000000000,0.8440000000000000,267.3,194.4,56.700000000000000,16.2,1360.8,16.8,3.3,2.4,0.7,0.2
2019,John Collins\collijo01,21,61,1830,21.8,0.627,6,1.6,0.56,0.763,597.8000000000000,122,24.400000000000000,36.6,1189.5,19.5,9.8,2,0.4,0.6
2019,Zach Collins\colliza01,21,77,1355.2,13.5,0.562,2.9,0.7,0.473,0.746,323.40000000000000,69.3,23.100000000000000,69.3,508.2,6.6,4.2,0.9,0.3,0.9
2019,Darren Collison\collida01,31,76,2143.2,16.7,0.574,6.8,1.8,0.467,0.8320000000000000,235.6,456,106.40000000000000,7.6000000000000000,851.2000000000000,11.2,3.1,6,1.4,0.1
2019,Bonzie Colson\colsobo01,23,8,98.4,12.9,0.45400000000000000,0.2,-0.1,0.33300000000000000,0.889,30.4,3.2,4.8,0.8,39.2,4.9,3.8,0.4,0.6,0.1
2019,Mike Conley\conlemi01,31,70,2345,21.4,0.569,8,3.2,0.43800000000000000,0.845,238,448,91,21,1477,21.1,3.4,6.4,1.3,0.3
2019,Pat Connaughton\connapa01,26,61,1262.7,13.6,0.573,3.9,1.2,0.466,0.725,256.2,122,30.5,24.400000000000000,420.90000000000000,6.9,4.2,2,0.5,0.4
2019,Quinn Cook\cookqu01,25,74,1058.2,13.1,0.565,1.8,-0.2,0.465,0.769,155.4,118.4,22.2,0,510.6,6.9,2.1,1.6,0.3,0
2019,DeMarcus Cousins\couside01,28,30,771,21.4,0.562,2.4,1.1,0.48,0.736,246.00000000000000,108,39,45,489,16.3,8.2,3.6,1.3,1.5
2019,Robert Covington\covinro01,28,35,1204,13.3,0.58,2.5,1.3,0.431,0.764,192.5,45.5,73.5,45.5,465.5,13.3,5.5,1.3,2.1,1.3
2019,Robert Covington\covinro01,28,13,439.4,11,0.578,0.7,0.4,0.42700000000000000,0.7390000000000000,67.60000000000000,14.3,23.400000000000000,23.400000000000000,146.9,11.3,5.2,1.1,1.8,1.8
2019,Robert Covington\covinro01,28,22,763.4000000000000,14.7,0.58,1.8,1,0.433,0.773,125.4,33,50.600000000000000,24.200000000000000,319,14.5,5.7,1.5,2.3,1.1
2019,Allen Crabbe\crabbal01,26,43,1130.9,7.7,0.519,0.8,-0.1,0.36700000000000000,0.732,146.2,47.300000000000000,21.5,12.9,412.8,9.6,3.4,1.1,0.5,0.3
2019,Torrey Craig\craigto01,28,75,1500,10.4,0.547,3,0.7,0.442,0.7,262.5,75,37.5,45,427.5,5.7,3.5,1,0.5,0.6
2019,Jamal Crawford\crawfja01,38,64,1209.6,11.7,0.522,0.2,-1.2,0.397,0.845,83.2,230.4,32,12.8,505.6,7.9,1.3,3.6,0.5,0.2
2019,Mitch Creek\creekmi01,26,5,48,20.2,0.55,0.2,0,0.5,0.7140000000000000,12,6,2,0,21,4.2,2.4,1.2,0.4,0
2019,Mitch Creek\creekmi01,26,4,36,21.5,0.573,0.2,0,0.5,0.7140000000000000,10,5.2,1.2,0,15.2,3.8,2.5,1.3,0.3,0
2019,Mitch Creek\creekmi01,26,1,12,16.3,0.5,0,0,0.5,,2,1,1,0,6,6,2,1,1,0
2019,Jae Crowder\crowdja01,28,80,2168,12.1,0.5380000000000000,4.4,1.3,0.39900000000000000,0.721,384,136,64,32,952,11.9,4.8,1.7,0.8,0.4
2019,Dante Cunningham\cunnida01,31,64,928,10.2,0.585,1.9,0.4,0.475,0.778,185.6,51.2,25.6,12.8,192,3,2.9,0.8,0.4,0.2
2019,Seth Curry\curryse01,28,74,1398.6,11.4,0.595,2.4,0.2,0.456,0.846,118.4,66.60000000000000,37,14.8,584.6,7.9,1.6,0.9,0.5,0.2
2019,Stephen Curry\curryst01,30,69,2332.2,24.4,0.6410000000000000,9.7,4.9,0.47200000000000000,0.9160000000000000,365.7,358.8,89.7,27.6,1883.7,27.3,5.3,5.2,1.3,0.4
2019,Troy Daniels\danietr01,27,51,759.9,9.8,0.5580000000000000,0.3,-0.5,0.41100000000000000,0.7830000000000000,71.40000000000000,25.5,25.5,5.1000000000000000,316.2,6.2,1.4,0.5,0.5,0.1
2019,Anthony Davis\davisan02,25,56,1848,30.3,0.597,9.5,4.9,0.517,0.794,672,218.4,89.60000000000000,134.4,1450.4000000000000,25.9,12,3.9,1.6,2.4
2019,Deyonta Davis\davisde01,22,9,117.90000000000000,15.6,0.682,0.4,0,0.682,0.6,36,5.4000000000000000,2.7000000000000000,5.4000000000000000,36,4,4,0.6,0.3,0.6
2019,Ed Davis\davised01,29,81,1449.9000000000000,17.3,0.632,5.7,0.9,0.616,0.617,696.6,64.8,32.4,32.4,469.8,5.8,8.6,0.8,0.4,0.4
2019,Tyler Davis\davisty01,21,1,1,0,0,0,0,0,,1,0,0,0,0,0,1,0,0,0
2019,Dewayne Dedmon\dedmode01,29,64,1606.4,16,0.602,4,1.3,0.49200000000000000,0.8140000000000000,480,89.6,70.4,70.4,691.2,10.8,7.5,1.4,1.1,1.1
2019,Sam Dekker\dekkesa01,24,47,789.6,13.3,0.519,1,-0.1,0.469,0.609,145.70000000000000,47,37.6,4.7,286.7,6.1,3.1,1,0.8,0.1
2019,Sam Dekker\dekkesa01,24,9,169.20000000000000,14,0.544,0.3,0,0.45800000000000000,0.8,33.300000000000000,9,10.800000000000000,0,56.700000000000000,6.3,3.7,1,1.2,0
2019,Sam Dekker\dekkesa01,24,38,619.4,13.2,0.514,0.8,-0.1,0.47100000000000000,0.556,114,38,26.600000000000000,7.6000000000000000,231.80000000000000,6.1,3,1,0.7,0.2
2019,Angel Delgado\delgaan01,24,2,15,4.3,0.255,0,0,0.2,0.5,4,0,1,0,3,1.5,2,0,0.5,0
2019,Matthew Dellavedova\dellama01,28,48,811.2000000000000,11.1,0.532,0.5,-0.7,0.405,0.8080000000000000,76.80000000000000,182.40000000000000,14.400000000000000,0,283.20000000000000,5.9,1.6,3.8,0.3,0
2019,Matthew Dellavedova\dellama01,28,12,97.20000000000000,7.5,0.48200000000000000,0.1,-0.2,0.316,1,9.600000000000000,28.800000000000000,2.4000000000000000,0,20.4,1.7,0.8,2.4,0.2,0
2019,Matthew Dellavedova\dellama01,28,36,716.4,11.5,0.537,0.4,-0.6,0.413,0.792,68.40000000000000,151.20000000000000,10.800000000000000,3.6,262.8,7.3,1.9,4.2,0.3,0.1
2019,Luol Deng\denglu01,33,22,391.6,14.6,0.588,0.8,0.1,0.5,0.7140000000000000,72.6,17.6,15.400000000000000,8.8,156.2,7.1,3.3,0.8,0.7,0.4
2019,DeMar DeRozan\derozde01,29,77,2687.3000000000000,19.6,0.542,6.3,2,0.48100000000000000,0.83,462,477.40000000000000,84.7,38.5,1632.4000000000000,21.2,6,6.2,1.1,0.5
2019,Marcus Derrickson\derrima01,22,11,67.1,19.4,0.653,0.2,0,0.485,0.8,13.2,1.1,0,1.1,46.2,4.2,1.2,0.1,0,0.1
2019,Cheick Diallo\diallch01,22,64,896,17.5,0.644,2.6,0.1,0.62,0.746,332.8,32,32,32,384,6,5.2,0.5,0.5,0.5
2019,Hamidou Diallo\diallha01,20,51,525.3000000000000,10.1,0.49700000000000000,0.8,-0.4,0.455,0.61,96.90000000000000,15.300000000000000,20.400000000000000,10.200000000000000,188.70000000000000,3.7,1.9,0.3,0.4,0.2
2019,Gorgui Dieng\dienggo01,29,76,1033.6,18.1,0.5720000000000000,2.8,0.7,0.501,0.83,311.60000000000000,68.4,45.6,38,486.40000000000000,6.4,4.1,0.9,0.6,0.5
2019,Spencer Dinwiddie\dinwisp01,25,68,1910.8000000000000,16.3,0.58,4.8,0.8,0.442,0.8060000000000000,163.2,312.80000000000000,40.8,20.4,1142.4,16.8,2.4,4.6,0.6,0.3
2019,Donte DiVincenzo\divindo01,22,27,410.4,9.1,0.507,0.6,0,0.40300000000000000,0.75,64.8,29.700000000000000,13.5,5.4,132.3,4.9,2.4,1.1,0.5,0.2
2019,Luka Doncic\doncilu01,19,72,2318.4,19.6,0.545,4.9,3.6,0.42700000000000000,0.713,561.6,432,79.2,21.600000000000000,1526.4000000000000,21.2,7.8,6,1.1,0.3
2019,Tyler Dorsey\dorsety01,22,48,696,11.2,0.509,0.6,-0.3,0.405,0.623,115.20000000000000,57.600000000000000,14.400000000000000,0,297.6,6.2,2.4,1.2,0.3,0
2019,Tyler Dorsey\dorsety01,22,27,251.10000000000000,7.8,0.44800000000000000,-0.1,-0.3,0.36,0.615,43.2,16.2,8.1,0,89.1,3.3,1.6,0.6,0.3,0
2019,Tyler Dorsey\dorsety01,22,21,447.3,13.1,0.541,0.7,0,0.429,0.629,69.3,39.9,6.3,0,205.8,9.8,3.3,1.9,0.3,0
2019,Damyean Dotson\dotsoda01,24,73,2007.5,10.8,0.526,1.5,-0.2,0.415,0.745,262.8,131.4,58.400000000000000,7.300000000000000,781.1000000000000,10.7,3.6,1.8,0.8,0.1
2019,PJ Dozier\doziepj01,22,6,51,16,0.434,0.1,0,0.381,0.5,16.800000000000000,4.800000000000000,1.8000000000000000,0,19.200000000000000,3.2,2.8,0.8,0.3,0
2019,Goran Dragic\dragigo01,32,36,990,13.9,0.517,1.6,0.2,0.413,0.782,111.60000000000000,172.80000000000000,28.8,3.6,493.2,13.7,3.1,4.8,0.8,0.1
2019,Andre Drummond\drumman01,25,79,2646.5,23.4,0.555,10,3.3,0.5330000000000000,0.59,1232.4000000000000,110.6,134.30000000000000,134.30000000000000,1366.7,17.3,15.6,1.4,1.7,1.7
2019,Jared Dudley\dudleja01,33,59,1221.3,7.8,0.5540000000000000,1.8,0.4,0.423,0.696,153.4,82.6,35.4,17.7,289.1,4.9,2.6,1.4,0.6,0.3
2019,Kris Dunn\dunnkr01,24,46,1389.2,12.4,0.484,0.6,0.1,0.425,0.797,188.6,276,69,23,519.8000000000000,11.3,4.1,6,1.5,0.5
2019,Kevin Durant\duranke01,30,78,2698.8,24.2,0.631,11.5,4.3,0.521,0.885,499.20000000000000,460.20000000000000,54.600000000000000,85.80000000000000,2028,26,6.4,5.9,0.7,1.1
2019,Trevon Duval\duvaltr01,20,3,6,38.3,0.833,0.1,0,0.667,,0.9000000000000000,2.1000000000000000,0,0,5.1,1.7,0.3,0.7,0,0
2019,Vince Edwards\edwarvi01,22,2,16,3.8,0.375,0,0,0.25,,2,0,0,0,3,1.5,1,0,0,0
2019,Henry Ellenson\ellenhe01,22,19,258.4,13.1,0.5380000000000000,0.4,-0.1,0.41100000000000000,0.76,66.5,15.200000000000000,7.6000000000000000,1.9000000000000000,114,6,3.5,0.8,0.4,0.1
2019,Henry Ellenson\ellenhe01,22,2,25,14.8,0.551,0.1,0,0.4,1,9,1,0,0,12,6,4.5,0.5,0,0
2019,Henry Ellenson\ellenhe01,22,17,234.60000000000000,12.9,0.536,0.3,-0.1,0.41200000000000000,0.7390000000000000,57.8,15.3,6.800000000000000,1.7000000000000000,102,6,3.4,0.9,0.4,0.1
2019,Wayne Ellington\ellinwa01,31,53,1298.5,11.8,0.569,2.6,0.7,0.40300000000000000,0.7960000000000000,106,74.20000000000000,53,5.300000000000000,545.9000000000000,10.3,2,1.4,1,0.1
2019,Wayne Ellington\ellinwa01,31,25,532.5,10.8,0.547,1,0.2,0.375,0.875,47.5,30,25,2.5,210,8.4,1.9,1.2,1,0.1
2019,Wayne Ellington\ellinwa01,31,28,764.4,12.5,0.584,1.6,0.5,0.42100000000000000,0.758,58.800000000000000,42,30.800000000000000,2.8000000000000000,336,12,2.1,1.5,1.1,0.1
2019,Joel Embiid\embiijo01,24,64,2156.8,26.1,0.593,8.7,3.3,0.484,0.804,870.4,236.8,44.8,121.6,1760,27.5,13.6,3.7,0.7,1.9
2019,James Ennis\ennisja01,28,58,1229.6,11,0.59,2.6,0.4,0.469,0.716,179.8,40.600000000000000,40.600000000000000,23.200000000000000,388.6,6.7,3.1,0.7,0.7,0.4
2019,James Ennis\ennisja01,28,40,948,11.3,0.622,2.2,0.5,0.493,0.7240000000000000,116,28,40,16,296,7.4,2.9,0.7,1,0.4
2019,James Ennis\ennisja01,28,18,280.8,9.9,0.51,0.4,-0.1,0.41,0.696,64.8,14.4,3.6,7.2,95.40000000000000,5.3,3.6,0.8,0.2,0.4
2019,Drew Eubanks\eubandr01,21,23,112.7,15.1,0.6460000000000000,0.3,0,0.5770000000000000,0.846,34.5,6.9000000000000000,2.3000000000000000,4.6000000000000000,41.4,1.8,1.5,0.3,0.1,0.2
2019,Jacob Evans\evansja02,21,30,204,3.5,0.374,-0.1,-0.3,0.34,0,24,24,6,3,39,1.3,0.8,0.8,0.2,0.1
2019,Jawun Evans\evansja01,22,8,64.8,0.1,0.214,-0.2,-0.1,0.214,,12,10.4,3.2,0,6.4,0.8,1.5,1.3,0.4,0
2019,Jawun Evans\evansja01,22,7,63.700000000000000,0.7,0.231,-0.2,-0.1,0.231,,11.9,9.800000000000000,2.8000000000000000,0,6.3,0.9,1.7,1.4,0.4,0
2019,Jawun Evans\evansja01,22,1,1,-38.1,0,0,0,0,,0,0,0,0,0,0,0,0,0,0
2019,Tyreke Evans\evansty01,29,69,1400.7,11.5,0.483,0.3,-0.6,0.389,0.7190000000000000,200.1,165.6,55.2,20.7,703.8,10.2,2.9,2.4,0.8,0.3
2019,Dante Exum\exumda01,23,42,663.6,11.2,0.516,1,-0.3,0.419,0.7910000000000000,67.2,109.2,12.6,4.2,289.8,6.9,1.6,2.6,0.3,0.1
2019,Kenneth Faried\farieke01,29,37,728.9,21.6,0.622,2.9,0.2,0.589,0.6460000000000000,251.6,18.5,18.5,22.2,384.8,10.4,6.8,0.5,0.5,0.6
2019,Kenneth Faried\farieke01,29,12,117.60000000000000,20.5,0.622,0.4,0,0.595,0.625,44.400000000000000,2.4000000000000000,2.4000000000000000,3.6000000000000000,61.200000000000000,5.1,3.7,0.2,0.2,0.3
2019,Kenneth Faried\farieke01,29,25,610,21.8,0.622,2.5,0.2,0.5870000000000000,0.6510000000000000,205.00000000000000,17.5,15,20,322.5,12.9,8.2,0.7,0.6,0.8
2019,Derrick Favors\favorde01,27,76,1763.2,21.8,0.624,7.9,2.8,0.586,0.675,562.4,91.2,53.200000000000000,106.40000000000000,896.8000000000000,11.8,7.4,1.2,0.7,1.4
2019,Cristiano Felicio\feliccr01,26,60,744,13.4,0.568,1.4,-0.3,0.531,0.685,216,36,12,6,240,4,3.6,0.6,0.2,0.1
2019,Raymond Felton\feltora01,34,33,379.5,11.2,0.505,0.7,-0.2,0.40700000000000000,0.9230000000000000,33,52.800000000000000,9.9,6.6000000000000000,141.9,4.3,1,1.6,0.3,0.2
2019,Terrance Ferguson\fergute01,20,74,1931.4,6.4,0.5660000000000000,2.8,0,0.429,0.725,140.6,74,37,14.8,510.6,6.9,1.9,1,0.5,0.2
2019,Yogi Ferrell\ferreyo01,25,71,1065,12.7,0.55,1.9,-0.1,0.435,0.8960000000000000,106.5,134.9,35.5,7.1000000000000000,418.90000000000000,5.9,1.5,1.9,0.5,0.1
2019,Dorian Finney-Smith\finnedo01,25,81,1984.5,11,0.53,3.3,1.1,0.43200000000000000,0.7090000000000000,388.8,97.2,72.9,32.4,607.5,7.5,4.8,1.2,0.9,0.4
2019,Bryn Forbes\forbebr01,25,82,2296,12,0.586,3.8,0.7,0.456,0.885,237.80000000000000,172.20000000000000,41,0,967.6,11.8,2.9,2.1,0.5,0
2019,Evan Fournier\fournev01,26,81,2551.5,12.3,0.536,3.2,0.3,0.43800000000000000,0.8060000000000000,259.2,291.6,72.9,8.1,1223.1,15.1,3.2,3.6,0.9,0.1
2019,De'Aaron Fox\foxde01,21,81,2543.4,18.1,0.544,5.6,2,0.45800000000000000,0.727,307.8,591.3,129.6,48.6,1401.3,17.3,3.8,7.3,1.6,0.6
2019,Melvin Frazier\frazime01,22,10,44,1.2,0.33,-0.1,-0.1,0.33300000000000000,0.25,5,1,1,0,15,1.5,0.5,0.1,0.1,0
2019,Tim Frazier\fraziti01,28,59,1121,11.7,0.544,2,-0.1,0.444,0.759,165.2,247.8,29.5,5.9,312.7,5.3,2.8,4.2,0.5,0.1
2019,Tim Frazier\fraziti01,28,47,907.1,11.6,0.552,1.5,0,0.451,0.78,136.30000000000000,206.8,23.5,4.7,235,5,2.9,4.4,0.5,0.1
2019,Tim Frazier\fraziti01,28,12,211.20000000000000,11.8,0.523,0.4,0,0.424,0.6920000000000000,31.200000000000000,42,4.800000000000000,1.2000000000000000,75.6,6.3,2.6,3.5,0.4,0.1
2019,Jimmer Fredette\fredeji01,29,6,64.80000000000000,3.6,0.348,-0.2,-0.1,0.276,1,7.200000000000000,7.800000000000000,3,0,22.200000000000000,3.7,1.2,1.3,0.5,0
2019,Channing Frye\fryech01,35,36,342,8.9,0.524,0.1,-0.2,0.368,0.7860000000000000,50.4,21.600000000000000,7.2,3.6,129.6,3.6,1.4,0.6,0.2,0.1
2019,Markelle Fultz\fultzma01,20,19,427.5,10.5,0.452,0.3,-0.1,0.419,0.568,70.3,58.9,17.1,5.7,155.80000000000000,8.2,3.7,3.1,0.9,0.3
2019,Danilo Gallinari\gallida01,30,68,2060.4,21,0.633,8.2,2.6,0.46300000000000000,0.904,414.80000000000000,176.8,47.600000000000000,20.4,1346.4,19.8,6.1,2.6,0.7,0.3
2019,Langston Galloway\gallola01,27,80,1744,10.7,0.534,3.4,0.3,0.38800000000000000,0.8440000000000000,168,88,40,8,672,8.4,2.1,1.1,0.5,0.1
2019,Billy Garrett\garrebi01,24,4,63.2,9.8,0.452,0,-0.1,0.40700000000000000,1,3.2,7.2,1.2,1.2,26,6.5,0.8,1.8,0.3,0.3
2019,Marc Gasol\gasolma01,34,79,2433.2000000000000,16.7,0.546,6,3,0.44800000000000000,0.759,624.1,347.6,86.9,86.9,1074.4000000000000,13.6,7.9,4.4,1.1,1.1
2019,Marc Gasol\gasolma01,34,53,1786.1000000000000,16.9,0.541,3.9,2.1,0.444,0.7560000000000000,455.80000000000000,249.10000000000000,58.300000000000000,63.600000000000000,832.1000000000000,15.7,8.6,4.7,1.1,1.2
2019,Marc Gasol\gasolma01,34,26,647.4,16,0.565,2.1,0.9,0.465,0.769,171.6,101.40000000000000,23.400000000000000,23.400000000000000,236.6,9.1,6.6,3.9,0.9,0.9
2019,Pau Gasol\gasolpa01,38,30,360,16.7,0.529,1.1,0.2,0.447,0.7,138,51,6,15,117,3.9,4.6,1.7,0.2,0.5
2019,Pau Gasol\gasolpa01,38,27,329.4,18,0.544,1.1,0.3,0.466,0.711,126.9,51.3,5.4,13.5,113.4,4.2,4.7,1.9,0.2,0.5
2019,Pau Gasol\gasolpa01,38,3,30,1.7,0.29100000000000000,0,-0.1,0.16700000000000000,0.5,9.900000000000000,2.1000000000000000,0,0.9000000000000000,3.9000000000000000,1.3,3.3,0.7,0,0.3
2019,Rudy Gay\gayru01,32,69,1842.3,17.5,0.583,4.4,1.4,0.504,0.816,469.2,179.4,55.2,34.5,945.3,13.7,6.8,2.6,0.8,0.5
2019,Paul George\georgpa01,28,77,2841.3000000000000,23.3,0.583,11.9,5.3,0.43800000000000000,0.8390000000000000,631.4,315.7,169.4,30.8,2156,28,8.2,4.1,2.2,0.4
2019,Taj Gibson\gibsota01,33,70,1687,17.8,0.612,5.1,1.3,0.5660000000000000,0.757,455,84,56,42,756,10.8,6.5,1.2,0.8,0.6
2019,Harry Giles\gilesha01,20,58,817.8,14.4,0.526,1,0,0.503,0.637,220.40000000000000,87,29,23.200000000000000,406,7,3.8,1.5,0.5,0.4
2019,Shai Gilgeous-Alexander\gilgesh01,20,82,2173,13.4,0.5540000000000000,3.3,0.9,0.47600000000000000,0.8,229.6,270.60000000000000,98.40000000000000,41,885.6,10.8,2.8,3.3,1.2,0.5
2019,Rudy Gobert\goberru01,26,81,2575.8,24.6,0.682,14.4,5.9,0.669,0.636,1044.9,162,64.8,186.30000000000000,1287.9,15.9,12.9,2,0.8,2.3
2019,Brandon Goodwin\goodwbr01,23,16,57.6,8.3,0.413,0,-0.1,0.261,0.818,3.2,14.4,0,0,22.4,1.4,0.2,0.9,0,0
2019,Aaron Gordon\gordoaa01,23,78,2636.4000000000000,15.1,0.5380000000000000,5.1,2,0.449,0.731,577.2,288.6,54.600000000000000,54.600000000000000,1248,16,7.4,3.7,0.7,0.7
2019,Eric Gordon\gordoer01,30,68,2155.6,12.2,0.5490000000000000,2.6,-0.5,0.409,0.7830000000000000,149.60000000000000,129.2,40.8,27.200000000000000,1101.6,16.2,2.2,1.9,0.6,0.4
2019,Marcin Gortat\gortama01,34,47,752,12.8,0.562,1.4,0.2,0.532,0.7290000000000000,263.2,65.8,4.7,23.5,235,5,5.6,1.4,0.1,0.5
2019,Devonte' Graham\grahade01,23,46,676.2000000000000,10.3,0.45900000000000000,0.5,-0.4,0.34300000000000000,0.7610000000000000,64.40000000000000,119.60000000000000,23,0,216.20000000000000,4.7,1.4,2.6,0.5,0
2019,Treveon Graham\grahatr01,25,35,714,6.1,0.45800000000000000,0.5,-0.2,0.335,0.818,108.5,35,14,7,185.5,5.3,3.1,1,0.4,0.2
2019,Jerami Grant\grantje01,24,80,2616,13.8,0.5920000000000000,7.3,1.5,0.49700000000000000,0.71,416,80,64,104,1088,13.6,5.2,1,0.8,1.3
2019,Jerian Grant\grantje02,26,60,942,10.8,0.526,1.7,0,0.418,0.65,96,156,42,6,252,4.2,1.6,2.6,0.7,0.1
2019,Donte Grantham\grantdo01,23,3,2.1000000000000000,-38.1,0,0,0,0,,0,0,0,0,0,0,0,0,0,0
2019,Danny Green\greenda02,31,80,2216,13,0.632,5.9,2.7,0.465,0.841,320,128,72,56,824,10.3,4,1.6,0.9,0.7
2019,Draymond Green\greendr01,28,66,2065.8,12.9,0.526,4.3,2.1,0.445,0.6920000000000000,481.8,455.40000000000000,92.40000000000000,72.60000000000000,488.40000000000000,7.4,7.3,6.9,1.4,1.1
2019,Gerald Green\greenge01,33,73,1474.6,11.4,0.555,1.9,-0.5,0.4,0.838,182.5,36.5,36.5,29.200000000000000,671.6000000000000,9.2,2.5,0.5,0.5,0.4
2019,JaMychal Green\greenja01,28,65,1371.5,14.7,0.5870000000000000,2.9,0.2,0.483,0.792,409.5,52,45.5,32.5,611,9.4,6.3,0.8,0.7,0.5
2019,JaMychal Green\greenja01,28,41,902,14.9,0.58,1.8,0.1,0.484,0.7880000000000000,250.1,36.9,32.800000000000000,24.600000000000000,401.8,9.8,6.1,0.9,0.8,0.6
2019,JaMychal Green\greenja01,28,24,470.40000000000000,14.3,0.6,1.1,0,0.48200000000000000,0.81,156,14.400000000000000,12,7.200000000000000,208.80000000000000,8.7,6.5,0.6,0.5,0.3
2019,Jeff Green\greenje02,32,77,2094.4,13.6,0.608,3.6,0.4,0.475,0.888,308,138.6,46.200000000000000,38.5,947.1,12.3,4,1.8,0.6,0.5
2019,Blake Griffin\griffbl01,29,75,2625,21,0.581,8,4.4,0.462,0.753,562.5,405,52.5,30,1837.5,24.5,7.5,5.4,0.7,0.4
2019,Daniel Hamilton\hamilda02,23,19,203.30000000000000,7.1,0.455,-0.1,-0.2,0.38300000000000000,0.5,47.5,22.8,5.7,1.9000000000000000,57,3,2.5,1.2,0.3,0.1
2019,Dusty Hannahs\hannadu01,25,2,26,4.5,0.311,-0.1,-0.1,0.25,1,1,5,1,0,8,4,0.5,2.5,0.5,0
2019,Tim Hardaway\hardati02,26,65,2054,13.6,0.527,1.8,-0.2,0.39300000000000000,0.841,221,156,52,6.5,1176.5,18.1,3.4,2.4,0.8,0.1
2019,Tim Hardaway\hardati02,26,46,1499.6000000000000,14.4,0.531,1.5,0,0.38800000000000000,0.8540000000000000,161,124.2,41.4,4.6000000000000000,878.6,19.1,3.5,2.7,0.9,0.1
2019,Tim Hardaway\hardati02,26,19,558.6,11.6,0.514,0.4,-0.2,0.40400000000000000,0.767,60.800000000000000,36.1,11.4,1.9000000000000000,294.5,15.5,3.2,1.9,0.6,0.1
2019,Maurice Harkless\harklma01,25,60,1416,13.2,0.547,3.4,1.5,0.48700000000000000,0.6710000000000000,270,72,66,54,462,7.7,4.5,1.2,1.1,0.9
2019,Montrezl Harrell\harremo01,25,82,2156.6,23.4,0.636,8.7,3.4,0.615,0.643,533,164,73.8,106.60000000000000,1361.2,16.6,6.5,2,0.9,1.3
2019,Devin Harris\harride01,35,68,1074.4,10.7,0.527,1.5,-0.1,0.38,0.7610000000000000,108.80000000000000,122.4,34,13.600000000000000,428.4,6.3,1.6,1.8,0.5,0.2
2019,Gary Harris\harriga01,24,57,1641.6000000000000,12.2,0.526,2.6,0.1,0.424,0.799,159.6,125.4,57,17.100000000000000,735.3000000000000,12.9,2.8,2.2,1,0.3
2019,Joe Harris\harrijo01,27,76,2295.2,13.5,0.645,5.5,1.7,0.5,0.8270000000000000,288.8,182.4,38,15.200000000000000,1041.2,13.7,3.8,2.4,0.5,0.2
2019,Tobias Harris\harrito02,26,82,2845.4,17.2,0.5920000000000000,7.1,1.8,0.48700000000000000,0.866,647.8000000000000,229.6,49.200000000000000,41,1640,20,7.9,2.8,0.6,0.5
2019,Tobias Harris\harrito02,26,55,1903,18.2,0.605,5,1.5,0.496,0.877,434.5,148.5,38.5,22,1149.5,20.9,7.9,2.7,0.7,0.4
2019,Tobias Harris\harrito02,26,27,945,15.3,0.562,2.1,0.3,0.469,0.841,213.3,78.3,10.8,13.5,491.4,18.2,7.9,2.9,0.4,0.5
2019,Andrew Harrison\harrian01,24,17,187,5.8,0.44300000000000000,-0.1,-0.2,0.302,0.9440000000000000,20.4,23.800000000000000,3.4000000000000000,1.7000000000000000,54.400000000000000,3.2,1.2,1.4,0.2,0.1
2019,Andrew Harrison\harrian01,24,1,5,4.6,0.5,0,0,0.5,,0,0,0,0,2,2,0,0,0,0
2019,Andrew Harrison\harrian01,24,10,144,6.6,0.467,-0.1,-0.2,0.308,1,15,17,4,2,43,4.3,1.5,1.7,0.4,0.2
2019,Andrew Harrison\harrian01,24,6,37.8,3.1,0.349,0,-0.1,0.25,0.5,4.800000000000000,7.200000000000000,0,0,9,1.5,0.8,1.2,0,0
2019,Shaquille Harrison\harrish01,25,73,1430.8000000000000,12.4,0.494,1.4,0.2,0.43200000000000000,0.667,219,138.7,87.6,29.200000000000000,474.5,6.5,3,1.9,1.2,0.4
2019,Josh Hart\hartjo01,23,67,1715.2,9.3,0.526,2.1,0.6,0.40700000000000000,0.688,247.9,93.8,67,40.200000000000000,522.6,7.8,3.7,1.4,1,0.6
2019,Isaiah Hartenstein\harteis01,20,28,221.20000000000000,10,0.562,0.5,0.1,0.488,0.7860000000000000,47.6,14,8.4,11.200000000000000,53.200000000000000,1.9,1.7,0.5,0.3,0.4
2019,Udonis Haslem\hasleud01,38,10,74,3.6,0.36,-0.1,-0.2,0.33300000000000000,0.75,27,2,0,0,25,2.5,2.7,0.2,0,0
2019,Gordon Hayward\haywago01,28,72,1864.8,15.6,0.575,4.9,1.2,0.466,0.8340000000000000,324,244.80000000000000,64.8,21.600000000000000,828,11.5,4.5,3.4,0.9,0.3
2019,John Henson\hensojo01,28,14,187.6,17.1,0.5530000000000000,0.6,0.2,0.46300000000000000,0.6,71.40000000000000,14,7,11.200000000000000,78.40000000000000,5.6,5.1,1,0.5,0.8
2019,Juan Hernangomez\hernaju01,23,70,1358,11,0.58,3,0.4,0.439,0.767,266,56,28,21,406,5.8,3.8,0.8,0.4,0.3
2019,Willy Hernangomez\hernawi01,24,58,812,20.4,0.5870000000000000,2.6,0.4,0.519,0.6940000000000000,313.20000000000000,58,17.4,17.4,423.4,7.3,5.4,1,0.3,0.3
2019,Mario Hezonja\hezonma01,23,58,1206.4,10.8,0.49700000000000000,-0.1,-0.6,0.41200000000000000,0.763,237.80000000000000,87,58,5.800000000000000,510.40000000000000,8.8,4.1,1.5,1,0.1
2019,Isaiah Hicks\hicksis01,24,3,32.100000000000000,17.4,0.588,0.1,0,0.5,0.8,6.9000000000000000,2.1000000000000000,0.9000000000000000,3,12,4,2.3,0.7,0.3,1
2019,Buddy Hield\hieldbu01,26,82,2615.8000000000000,17.5,0.5870000000000000,5.9,2.1,0.45800000000000000,0.8860000000000000,410,205,57.4,32.800000000000000,1697.4000000000000,20.7,5,2.5,0.7,0.4
2019,Haywood Highsmith\highsha01,22,5,40,4.5,0.414,0,-0.1,0.4,0,5,2,1,0,9,1.8,1,0.4,0.2,0
2019,Nene Hilario\hilarne01,36,42,546,11.9,0.552,1.4,0,0.517,0.66,121.8,25.2,16.8,16.8,151.20000000000000,3.6,2.9,0.6,0.4,0.4
2019,George Hill\hillge01,32,60,1302,12.1,0.5540000000000000,2.8,0.3,0.452,0.8240000000000000,150,138,54,6,456,7.6,2.5,2.3,0.9,0.1
2019,George Hill\hillge01,32,13,344.5,13.5,0.604,0.5,0,0.514,0.85,27.3,36.4,11.700000000000000,1.3,140.4,10.8,2.1,2.8,0.9,0.1
2019,George Hill\hillge01,32,47,958.8,11.6,0.534,2.3,0.4,0.428,0.815,122.2,98.7,42.300000000000000,4.7,319.60000000000000,6.8,2.6,2.1,0.9,0.1
2019,Solomon Hill\hillso01,27,44,880,6.8,0.49700000000000000,0.5,-0.1,0.382,0.7190000000000000,132,57.2,22,8.8,189.2,4.3,3,1.3,0.5,0.2
2019,Aaron Holiday\holidaa01,22,50,645,12,0.518,0.9,-0.1,0.401,0.82,65,85,20,15,295,5.9,1.3,1.7,0.4,0.3
2019,Jrue Holiday\holidjr01,28,67,2405.3000000000000,19.4,0.555,5.4,2.9,0.47200000000000000,0.768,335,515.9,107.2,53.6,1420.4000000000000,21.2,5,7.7,1.6,0.8
2019,Justin Holiday\holidju01,29,82,2607.6,10,0.52,2.1,0.8,0.386,0.8960000000000000,319.8,147.6,123,32.800000000000000,861,10.5,3.9,1.8,1.5,0.4
2019,Justin Holiday\holidju01,29,38,1326.2,11,0.531,1.3,0.9,0.38300000000000000,0.8910000000000000,167.20000000000000,83.60000000000000,68.4,22.8,440.8,11.6,4.4,2.2,1.8,0.6
2019,Justin Holiday\holidju01,29,44,1280.4,8.9,0.509,0.8,-0.1,0.389,0.9,154,61.600000000000000,52.8,13.2,418,9.5,3.5,1.4,1.2,0.3
2019,John Holland\hollajo02,30,1,1,0,,0,0,,,0,0,0,0,0,0,0,0,0,0
2019,Rondae Hollis-Jefferson\holliro01,24,59,1233.1,12.5,0.46400000000000000,1.2,-0.3,0.41100000000000000,0.645,312.7,94.4,41.3,29.5,525.1,8.9,5.3,1.6,0.7,0.5
2019,Richaun Holmes\holmeri01,25,70,1183,20.7,0.647,4.3,1,0.608,0.731,329,63,42,77,574,8.2,4.7,0.9,0.6,1.1
2019,Rodney Hood\hoodro01,26,72,1893.6000000000000,12.3,0.545,2.6,-0.2,0.435,0.884,158.4,129.6,57.6,14.4,806.4,11.2,2.2,1.8,0.8,0.2
2019,Rodney Hood\hoodro01,26,45,1233,13,0.542,1.5,-0.2,0.42700000000000000,0.912,112.5,90,36,4.5,549,12.2,2.5,2,0.8,0.1
2019,Rodney Hood\hoodro01,26,27,658.8,10.9,0.5490000000000000,1.1,0,0.452,0.805,45.9,35.1,21.6,8.1,259.2,9.6,1.7,1.3,0.8,0.3
2019,Al Horford\horfoal01,32,68,1972,20.2,0.605,7.5,3.4,0.535,0.821,455.6,285.6,61.2,88.4,924.8,13.6,6.7,4.2,0.9,1.3
2019,Danuel House\houseda01,25,39,978.9000000000000,12.2,0.6460000000000000,2.3,0.3,0.46800000000000000,0.789,140.4,39,19.5,11.7,366.6,9.4,3.6,1,0.5,0.3
2019,Dwight Howard\howardw01,33,9,230.4,17.4,0.638,0.6,-0.2,0.623,0.604,82.8,3.6,7.2,3.6,115.2,12.8,9.2,0.4,0.8,0.4
2019,Kevin Huerter\huertke01,20,75,2047.5,10.1,0.5330000000000000,1.5,0.1,0.419,0.732,247.5,217.5,67.5,22.5,727.5,9.7,3.3,2.9,0.9,0.3
2019,Isaac Humphries\humphis01,21,5,56,3.4,0.35700000000000000,-0.1,-0.2,0.28600000000000000,,11,0,1,0,15,3,2.2,0,0.2,0
2019,R.J. Hunter\hunterj01,25,1,26,21.5,0.612,0.1,0,0.462,0.5,3,3,1,0,17,17,3,3,1,0
2019,Chandler Hutchison\hutchch01,22,44,893.2,8.8,0.507,0.6,-0.5,0.45900000000000000,0.605,184.8,35.2,22,4.4,228.8,5.2,4.2,0.8,0.5,0.1
2019,Serge Ibaka\ibakase01,29,74,2012.8,18.7,0.5820000000000000,6.1,1.3,0.529,0.763,599.4,96.2,29.6,103.6,1110,15,8.1,1.3,0.4,1.4
2019,Andre Iguodala\iguodan01,35,68,1577.6,13.1,0.5870000000000000,4.2,1.6,0.5,0.5820000000000000,251.60000000000000,217.60000000000000,61.2,54.400000000000000,387.6,5.7,3.7,3.2,0.9,0.8
2019,Ersan Ilyasova\ilyaser01,31,67,1232.8,11.6,0.5480000000000000,3,0.2,0.43800000000000000,0.8240000000000000,301.5,53.6,33.5,20.100000000000000,455.60000000000000,6.8,4.5,0.8,0.5,0.3
2019,Joe Ingles\inglejo01,31,82,2566.6,13.4,0.581,6,2.5,0.44800000000000000,0.7070000000000000,328,467.40000000000000,98.40000000000000,16.400000000000000,992.2000000000000,12.1,4,5.7,1.2,0.2
2019,Andre Ingram\ingraan01,33,4,15.2,-11.9,0,-0.1,-0.1,0,,2,0,1.2,0,0,0,0.5,0,0.3,0
2019,Brandon Ingram\ingrabr01,21,52,1757.6,13.4,0.555,2,-0.3,0.49700000000000000,0.675,265.2,156,26,31.2,951.6,18.3,5.1,3,0.5,0.6
2019,Kyrie Irving\irvinky01,26,67,2211,24.3,0.5920000000000000,9.1,4.7,0.48700000000000000,0.873,335,462.3,100.5,33.5,1594.6000000000000,23.8,5,6.9,1.5,0.5
2019,Jonathan Isaac\isaacjo01,21,75,1995,13,0.537,4,1.1,0.429,0.815,412.5,82.5,60,97.5,720,9.6,5.5,1.1,0.8,1.3
2019,Wesley Iwundu\iwundwe01,24,68,1230.8000000000000,8.7,0.531,1.9,-0.2,0.41200000000000000,0.816,183.60000000000000,74.80000000000000,27.200000000000000,20.4,340,5,2.7,1.1,0.4,0.3
2019,Demetrius Jackson\jacksde01,24,6,39,21,0.6560000000000000,0.2,0,0.5330000000000000,1,3,4.800000000000000,1.8000000000000000,0,22.200000000000000,3.7,0.5,0.8,0.3,0
2019,Frank Jackson\jacksfr01,20,61,1171.2,9.4,0.517,0.4,-0.9,0.434,0.74,134.20000000000000,67.10000000000000,24.400000000000000,0,494.10000000000000,8.1,2.2,1.1,0.4,0
2019,Jaren Jackson\jacksja02,19,58,1513.8000000000000,16.4,0.591,3.3,0.8,0.506,0.7660000000000000,272.6,63.800000000000000,52.2,81.20000000000000,800.4000000000000,13.8,4.7,1.1,0.9,1.4
2019,Josh Jackson\jacksjo02,21,79,1990.8,10.6,0.48700000000000000,-1.7,-1.4,0.413,0.6710000000000000,347.6,181.7,71.10000000000000,55.3,908.5,11.5,4.4,2.3,0.9,0.7
2019,Justin Jackson\jacksju01,23,81,1611.9000000000000,11.3,0.561,2.9,0.2,0.447,0.785,210.6,97.2,32.4,16.2,583.2,7.2,2.6,1.2,0.4,0.2
2019,Justin Jackson\jacksju01,23,52,1081.6000000000000,10.1,0.546,1.6,0.1,0.424,0.82,145.6,67.60000000000000,20.8,15.6,348.40000000000000,6.7,2.8,1.3,0.4,0.3
2019,Justin Jackson\jacksju01,23,29,530.7,13.9,0.584,1.3,0.1,0.484,0.7240000000000000,66.70000000000000,29,8.7,0,237.80000000000000,8.2,2.3,1,0.3,0
2019,Reggie Jackson\jacksre01,28,82,2287.8000000000000,15.2,0.547,5,1,0.42100000000000000,0.8640000000000000,213.20000000000000,344.40000000000000,57.4,8.200000000000000,1262.8,15.4,2.6,4.2,0.7,0.1
2019,LeBron James\jamesle01,34,55,1936.0000000000000,25.6,0.588,7.2,4.9,0.51,0.665,467.5,456.50000000000000,71.5,33,1507,27.4,8.5,8.3,1.3,0.6
2019,Amile Jefferson\jeffeam01,25,12,68.4,21.1,0.6920000000000000,0.4,0.1,0.625,0.875,21.6,3.6000000000000000,3.6000000000000000,3.6000000000000000,27.600000000000000,2.3,1.8,0.3,0.3,0.3
2019,John Jenkins\jenkijo01,27,26,332.8,9.7,0.536,0.2,-0.3,0.4,0.833,36.4,20.8,0,2.6,122.2,4.7,1.4,0.8,0,0.1
2019,John Jenkins\jenkijo01,27,4,14,20.5,1.5,0.1,0,1,,1.2,1.2,0,0,6,1.5,0.3,0.3,0,0
2019,John Jenkins\jenkijo01,27,22,319,9.3,0.518,0.2,-0.3,0.38800000000000000,0.833,35.2,22,0,2.2,114.4,5.2,1.6,1,0,0.1
2019,Jonas Jerebko\jerebjo01,31,73,1219.1,13.5,0.588,3.3,0.6,0.45900000000000000,0.8,284.7,94.9,29.200000000000000,14.600000000000000,459.9,6.3,3.9,1.3,0.4,0.2
2019,Alize Johnson\johnsal02,22,14,64.40000000000000,6.3,0.33300000000000000,0,-0.1,0.25,0.5,19.600000000000000,1.4000000000000000,1.4000000000000000,2.8000000000000000,12.6,0.9,1.4,0.1,0.1,0.2
2019,Amir Johnson\johnsam01,31,51,530.4,13.1,0.574,1.1,0.2,0.503,0.7560000000000000,147.9,61.200000000000000,15.300000000000000,15.300000000000000,198.9,3.9,2.9,1.2,0.3,0.3
2019,B.J. Johnson\johnsbj01,23,7,49,12.8,0.609,0.1,-0.1,0.5,1,7.700000000000000,0,2.1,0,23.100000000000000,3.3,1.1,0,0.3,0
2019,B.J. Johnson\johnsbj01,23,6,43.2,14,0.622,0.1,-0.1,0.5,1,7.800000000000000,0,1.8000000000000000,0,21,3.5,1.3,0,0.3,0
2019,B.J. Johnson\johnsbj01,23,1,6,3.7,0.5,0,0,0.5,,0,0,0,0,2,2,0,0,0,0
2019,James Johnson\johnsja01,31,55,1166,10.9,0.522,1.5,0.1,0.433,0.7140000000000000,176,137.5,33,27.5,429,7.8,3.2,2.5,0.6,0.5
2019,Stanley Johnson\johnsst04,22,66,1207.8,9.6,0.485,0.5,-0.2,0.389,0.7810000000000000,217.80000000000000,85.8,59.4,13.200000000000000,455.40000000000000,6.9,3.3,1.3,0.9,0.2
2019,Stanley Johnson\johnsst04,22,48,960,9.8,0.48200000000000000,0.7,0,0.381,0.804,172.8,62.400000000000000,48,14.400000000000000,360,7.5,3.6,1.3,1,0.3
2019,Stanley Johnson\johnsst04,22,18,246.6,8.9,0.496,-0.1,-0.2,0.418,0.6920000000000000,41.4,28.8,12.6,1.8,95.40000000000000,5.3,2.3,1.6,0.7,0.1
2019,Tyler Johnson\johnsty01,26,57,1527.6000000000000,12.4,0.532,2.3,0.4,0.413,0.748,171,165.30000000000000,51.300000000000000,28.5,621.3000000000000,10.9,3,2.9,0.9,0.5
2019,Tyler Johnson\johnsty01,26,44,1122,12.3,0.54,1.8,0.3,0.426,0.693,123.20000000000000,110,39.6,22,475.20000000000000,10.8,2.8,2.5,0.9,0.5
2019,Tyler Johnson\johnsty01,26,13,405.60000000000000,12.8,0.506,0.5,0,0.368,0.872,52,54.6,14.3,6.5,144.30000000000000,11.1,4,4.2,1.1,0.5
2019,Wesley Johnson\johnswe01,31,38,535.8,5.5,0.469,0,-0.3,0.35200000000000000,0.684,72.2,22.8,15.200000000000000,11.4,129.2,3.4,1.9,0.6,0.4,0.3
2019,Wesley Johnson\johnswe01,31,26,377,6.9,0.517,0.3,-0.1,0.39800000000000000,0.667,54.6,15.6,13,7.8,96.2,3.7,2.1,0.6,0.5,0.3
2019,Wesley Johnson\johnswe01,31,12,157.2,2,0.37200000000000000,-0.2,-0.2,0.25,0.7,18,7.200000000000000,2.4000000000000000,4.800000000000000,33.600000000000000,2.8,1.5,0.6,0.2,0.4
2019,Nikola Jokic\jokicni01,23,80,2504,26.3,0.589,11.8,7.3,0.511,0.821,864,584,112,56,1608,20.1,10.8,7.3,1.4,0.7
2019,Damian Jones\jonesda03,23,24,410.40000000000000,15.3,0.72,1.5,0.5,0.716,0.649,74.4,28.800000000000000,12,24,129.60000000000000,5.4,3.1,1.2,0.5,1
2019,Derrick Jones\jonesde02,21,60,1152,14,0.5590000000000000,2.9,0.6,0.494,0.607,240,36,48,42,420,7,4,0.6,0.8,0.7
2019,Jalen Jones\jonesja04,25,16,214.4,11.7,0.5480000000000000,0.3,-0.1,0.419,0.7040000000000000,33.6,6.4,9.6,1.6,81.6,5.1,2.1,0.4,0.6,0.1
2019,Jemerrio Jones\jonesje01,23,6,142.8,12.1,0.39800000000000000,0.2,0.1,0.364,0.5,49.200000000000000,13.200000000000000,7.200000000000000,4.800000000000000,27,4.5,8.2,2.2,1.2,0.8
2019,Terrence Jones\joneste01,27,2,5,-15.8,0.225,-0.1,-0.1,0.25,0,4,0,0,0,2,1,2,0,0,0
2019,Tyus Jones\jonesty01,22,68,1557.2000000000000,13.7,0.491,3,0.1,0.415,0.841,136,326.4,81.6,6.800000000000000,469.20000000000000,6.9,2,4.8,1.2,0.1
2019,DeAndre Jordan\jordade01,30,69,2049.3000000000000,19,0.674,7.1,2.3,0.6410000000000000,0.705,903.9,158.7,41.4,75.9,759,11,13.1,2.3,0.6,1.1
2019,DeAndre Jordan\jordade01,30,50,1555,18,0.672,5.3,1.6,0.644,0.682,685,100,35,55.00000000000000,550,11,13.7,2,0.7,1.1
2019,DeAndre Jordan\jordade01,30,19,492.10000000000000,22.1,0.6810000000000000,1.9,0.7,0.634,0.773,216.6,57,9.5,20.900000000000000,207.1,10.9,11.4,3,0.5,1.1
2019,Cory Joseph\josepco01,27,82,2066.4,11,0.474,3.5,0.8,0.41200000000000000,0.698,278.8,319.8,90.2,24.600000000000000,533,6.5,3.4,3.9,1.1,0.3
2019,Frank Kaminsky\kaminfr01,25,47,756.7,16.8,0.5870000000000000,1.8,0.2,0.46300000000000000,0.738,164.5,61.1,14.1,14.1,404.2,8.6,3.5,1.3,0.3,0.3
2019,Enes Kanter\kanteen01,26,67,1641.5,22.3,0.594,5.4,1.4,0.5490000000000000,0.787,656.6,113.90000000000000,33.5,26.8,917.9,13.7,9.8,1.7,0.5,0.4
2019,Enes Kanter\kanteen01,26,44,1126.4,21.8,0.585,3.4,0.8,0.536,0.8140000000000000,462,83.6,17.6,17.6,616,14,10.5,1.9,0.4,0.4
2019,Enes Kanter\kanteen01,26,23,512.9,23.5,0.614,2.1,0.6,0.5770000000000000,0.735,197.80000000000000,32.200000000000000,13.800000000000000,9.200000000000000,301.3,13.1,8.6,1.4,0.6,0.4
2019,Luke Kennard\kennalu01,22,63,1436.4,11.9,0.56,2.5,0.2,0.43800000000000000,0.836,182.7,113.4,25.200000000000000,12.600000000000000,611.1000000000000,9.7,2.9,1.8,0.4,0.2
2019,Michael Kidd-Gilchrist\kiddgmi01,25,64,1177.6,13.3,0.5530000000000000,2.5,0.2,0.47600000000000000,0.772,243.2,64,32,38.4,428.8,6.7,3.8,1,0.5,0.6
2019,George King\kingge03,25,1,6,1.9,,0,0,,,1,0,0,0,0,0,1,0,0,0
2019,Maxi Kleber\klebima01,27,71,1505.2,13.1,0.579,3.5,1.3,0.45300000000000000,0.784,326.60000000000000,71,35.5,78.10000000000000,482.8,6.8,4.6,1,0.5,1.1
2019,Brandon Knight\knighbr03,27,39,737.1000000000000,8.9,0.484,0,-0.6,0.381,0.794,58.5,70.2,19.5,3.9000000000000000,265.2,6.8,1.5,1.8,0.5,0.1
2019,Brandon Knight\knighbr03,27,12,117.60000000000000,0.8,0.34700000000000000,-0.3,-0.3,0.23400000000000000,0.818,9.600000000000000,9.600000000000000,2.4000000000000000,0,36,3,0.8,0.8,0.2,0
2019,Brandon Knight\knighbr03,27,27,618.3,10.5,0.515,0.2,-0.3,0.413,0.7830000000000000,51.3,62.100000000000000,18.9,2.7,229.5,8.5,1.9,2.3,0.7,0.1
2019,Kevin Knox\knoxke01,19,75,2160,8.7,0.475,-1.3,-2.2,0.37,0.7170000000000000,337.5,82.5,45,22.5,960,12.8,4.5,1.1,0.6,0.3
2019,Furkan Korkmaz\korkmfu01,21,48,676.8,11.5,0.528,1.1,0,0.4,0.818,105.60000000000000,52.800000000000000,28.800000000000000,0,278.4,5.8,2.2,1.1,0.6,0
2019,Luke Kornet\kornelu01,23,46,782,14.8,0.531,1.4,0.5,0.37800000000000000,0.826,133.4,55.200000000000000,27.600000000000000,41.4,322,7,2.9,1.2,0.6,0.9
2019,Kyle Korver\korveky01,37,70,1337,11.2,0.5820000000000000,2.3,0.2,0.41600000000000000,0.8220000000000000,161,84,28,14,602,8.6,2.3,1.2,0.4,0.2
2019,Kyle Korver\korveky01,37,16,251.2,11.3,0.65,0.2,-0.1,0.461,0.813,28.8,17.6,3.2,1.6,108.8,6.8,1.8,1.1,0.2,0.1
2019,Kyle Korver\korveky01,37,54,1085.4,11.2,0.569,2,0.3,0.408,0.825,135,64.8,21.6,10.8,491.4,9.1,2.5,1.2,0.4,0.2
2019,Kosta Koufos\koufoko01,29,42,504,12.3,0.47700000000000000,0.7,-0.1,0.47700000000000000,0.41700000000000000,176.4,37.800000000000000,16.8,16.8,155.4,3.7,4.2,0.9,0.4,0.4
2019,Rodions Kurucs\kurucro01,20,63,1291.5,11,0.545,1.6,-0.1,0.45,0.7830000000000000,245.7,50.400000000000000,44.100000000000000,25.200000000000000,535.5,8.5,3.9,0.8,0.7,0.4
2019,Kyle Kuzma\kuzmaky01,23,70,2317,14,0.546,3.1,0.2,0.456,0.752,385,175,42,28,1309,18.7,5.5,2.5,0.6,0.4
2019,Skal Labissiere\labissk01,22,22,176,12.6,0.593,0.3,0,0.531,0.529,44,11,4.4,6.6,66,3,2,0.5,0.2,0.3
2019,Skal Labissiere\labissk01,22,13,113.1,7,0.517,0,-0.1,0.433,0.545,23.400000000000000,6.5,2.6,2.6,36.4,2.8,1.8,0.5,0.2,0.2
2019,Skal Labissiere\labissk01,22,9,63,22.6,0.716,0.3,0.1,0.684,0.5,18.900000000000000,5.4000000000000000,2.7000000000000000,2.7000000000000000,30.600000000000000,3.4,2.1,0.6,0.3,0.3
2019,Jeremy Lamb\lambje01,26,79,2251.5,17.3,0.552,5.3,1.2,0.44,0.888,434.5,173.8,86.9,31.6,1208.7,15.3,5.5,2.2,1.1,0.4
2019,Zach LaVine\lavinza01,23,63,2173.5,18.7,0.574,2.8,1.1,0.467,0.8320000000000000,296.1,283.5,63,25.200000000000000,1493.1,23.7,4.7,4.5,1,0.4
2019,Jake Layman\laymaja01,24,71,1327.7,13.5,0.594,3.1,0.6,0.509,0.7040000000000000,220.1,49.700000000000000,28.400000000000000,28.400000000000000,539.6,7.6,3.1,0.7,0.4,0.4
2019,T.J. Leaf\leaftj01,21,58,522,16.9,0.5720000000000000,1.6,0.1,0.541,0.613,127.60000000000000,23.200000000000000,11.600000000000000,17.4,226.2,3.9,2.2,0.4,0.2,0.3
2019,Courtney Lee\leeco01,33,34,428.4,10.3,0.49200000000000000,0.4,-0.1,0.41100000000000000,0.667,54.400000000000000,37.400000000000000,20.4,3.4000000000000000,136,4,1.6,1.1,0.6,0.1
2019,Courtney Lee\leeco01,33,12,159.60000000000000,13.7,0.527,0.3,0,0.447,0.643,27.600000000000000,15.600000000000000,8.400000000000000,2.4000000000000000,56.400000000000000,4.7,2.3,1.3,0.7,0.2
2019,Courtney Lee\leeco01,33,22,268.4,8.3,0.47,0.2,-0.1,0.39,0.7140000000000000,26.4,22,13.2,0,79.2,3.6,1.2,1,0.6,0
2019,Damion Lee\leeda03,26,32,374.4,11.9,0.578,0.7,-0.2,0.441,0.8640000000000000,64,12.8,12.8,0,156.8,4.9,2,0.4,0.4,0
2019,Walt Lemon\lemonwa01,26,6,166.8,16.3,0.46800000000000000,0.1,0,0.43700000000000000,0.727,27,30,10.8,1.2000000000000000,85.80000000000000,14.3,4.5,5,1.8,0.2
2019,Alex Len\lenal01,25,77,1547.7,17.2,0.575,3.2,0.4,0.494,0.648,423.5,84.7,30.8,69.3,854.7000000000000,11.1,5.5,1.1,0.4,0.9
2019,Kawhi Leonard\leonaka01,27,60,2040,25.8,0.606,9.5,3.6,0.496,0.8540000000000000,438,198,108,24,1596,26.6,7.3,3.3,1.8,0.4
2019,Meyers Leonard\leoname01,26,61,878.4,15.8,0.675,3,0.8,0.545,0.843,231.80000000000000,73.2,12.200000000000000,6.1000000000000000,359.90000000000000,5.9,3.8,1.2,0.2,0.1
2019,Jon Leuer\leuerjo01,29,41,401.8,13.2,0.616,0.9,-0.1,0.584,0.742,98.40000000000000,12.300000000000000,12.300000000000000,4.1000000000000000,155.80000000000000,3.8,2.4,0.3,0.3,0.1
2019,Caris LeVert\leverca01,24,40,1064,14.9,0.509,1.7,0.5,0.429,0.691,152,156,44,16,548,13.7,3.8,3.9,1.1,0.4
2019,Damian Lillard\lillada01,28,80,2840,23.7,0.588,12.1,5.4,0.444,0.912,368,552,88,32,2064,25.8,4.6,6.9,1.1,0.4
2019,Jeremy Lin\linje01,30,74,1435.6,13.5,0.5580000000000000,2.1,-0.3,0.44,0.838,177.6,229.4,44.4,14.8,710.4,9.6,2.4,3.1,0.6,0.2
2019,Jeremy Lin\linje01,30,51,1004.7000000000000,15.9,0.594,1.9,-0.1,0.466,0.845,117.3,178.5,35.700000000000000,5.1000000000000000,545.7000000000000,10.7,2.3,3.5,0.7,0.1
2019,Jeremy Lin\linje01,30,23,432.40000000000000,8.2,0.46400000000000000,0.2,-0.3,0.374,0.81,59.800000000000000,50.6,9.200000000000000,6.9000000000000000,161,7,2.6,2.2,0.4,0.3
2019,Shaun Livingston\livinsh01,33,64,966.4,11.7,0.555,2,0.1,0.519,0.784,115.2,115.2,32,25.6,256,4,1.8,1.8,0.5,0.4
2019,Zach Lofton\loftoza01,26,1,4,-10,0,0,0,0,,0,0,1,0,0,0,0,0,1,0
2019,Kevon Looney\looneke01,22,80,1480,17.3,0.636,6,2.1,0.625,0.619,416,120,48,56,504,6.3,5.2,1.5,0.6,0.7
2019,Brook Lopez\lopezbr01,30,81,2324.7,14.6,0.597,6.7,2.8,0.452,0.8420000000000000,396.90000000000000,97.2,48.6,178.20000000000000,1012.5,12.5,4.9,1.2,0.6,2.2
2019,Robin Lopez\lopezro01,30,74,1605.8,15.9,0.598,2.7,0.4,0.568,0.7240000000000000,288.60000000000000,88.8,7.4,81.4,703,9.5,3.9,1.2,0.1,1.1
2019,Kevin Love\loveke01,30,22,598.4,19.5,0.561,1.3,0,0.385,0.904,239.8,48.400000000000000,6.6,4.4,374,17,10.9,2.2,0.3,0.2
2019,Kyle Lowry\lowryky01,32,65,2210,16.5,0.562,6.6,2.8,0.41100000000000000,0.83,312,565.5,91,32.5,923,14.2,4.8,8.7,1.4,0.5
2019,Jordan Loyd\loydjo01,25,12,55.200000000000000,16.3,0.635,0.2,0,0.444,0.818,9.600000000000000,6,0,0,28.800000000000000,2.4,0.8,0.5,0,0
2019,Kalin Lucas\lucaska01,29,1,6,16.6,0.532,0,0,0,1,3,1,0,0,2,2,3,1,0,0
2019,Timothe Luwawu-Cabarrot\luwawti01,23,50,670,8,0.489,0.2,-0.5,0.376,0.7560000000000000,95,25,20,10,230.00000000000000,4.6,1.9,0.5,0.4,0.2
2019,Timothe Luwawu-Cabarrot\luwawti01,23,21,123.9,3.4,0.38300000000000000,-0.1,-0.2,0.302,0.667,18.900000000000000,4.2,4.2,0,35.700000000000000,1.7,0.9,0.2,0.2,0
2019,Timothe Luwawu-Cabarrot\luwawti01,23,29,545.2,9,0.515,0.3,-0.3,0.39400000000000000,0.7710000000000000,78.30000000000000,23.200000000000000,14.5,5.800000000000000,197.2,6.8,2.7,0.8,0.5,0.2
2019,Tyler Lydon\lydonty01,22,25,95,9.3,0.595,0.2,0,0.5,0.33300000000000000,17.5,5,2.5,0,22.5,0.9,0.7,0.2,0.1,0
2019,Trey Lyles\lylestr01,23,64,1120,12.7,0.5,1.2,-0.4,0.418,0.698,243.2,89.6,32,25.6,544,8.5,3.8,1.4,0.5,0.4
2019,Scott Machado\machasc01,28,4,19.2,22.2,0.7760000000000000,0.1,0,0.667,1,0,3.2,1.2,0,10,2.5,0,0.8,0.3,0
2019,Shelvin Mack\macksh01,28,57,1248.3,10.4,0.489,0.9,-0.7,0.40400000000000000,0.69,102.60000000000000,182.4,45.6,5.7,427.5,7.5,1.8,3.2,0.8,0.1
2019,Shelvin Mack\macksh01,28,53,1203.1,11,0.499,1.1,-0.5,0.414,0.7070000000000000,100.70000000000000,180.2,42.400000000000000,5.300000000000000,418.70000000000000,7.9,1.9,3.4,0.8,0.1
2019,Shelvin Mack\macksh01,28,4,42,-6.6,0.251,-0.3,-0.2,0.14300000000000000,0.556,2,1.2,2,0,9.2,2.3,0.5,0.3,0.5,0
2019,Daryl Macon\maconda01,23,8,90.4,5.5,0.48200000000000000,0,-0.1,0.37,0.5710000000000000,12,7.2,0.8,0,28.8,3.6,1.5,0.9,0.1,0
2019,J.P. Macura\macurjp01,23,2,17,5.7,0.33300000000000000,0,0,0.33300000000000000,,3,2,0,0,6,3,1.5,1,0,0
2019,Ian Mahinmi\mahinia01,32,34,496.4,12,0.531,1,0.1,0.452,0.6890000000000000,129.2,23.800000000000000,23.800000000000000,17,139.40000000000000,4.1,3.8,0.7,0.7,0.5
2019,Thon Maker\makerth01,21,64,972.8,11.3,0.53,2,0.3,0.40700000000000000,0.667,204.8,44.8,19.2,51.2,320,5,3.2,0.7,0.3,0.8
2019,Thon Maker\makerth01,21,35,409.5,12.9,0.546,1.1,0.1,0.44,0.541,94.5,17.5,10.5,17.5,164.5,4.7,2.7,0.5,0.3,0.5
2019,Thon Maker\makerth01,21,29,562.6000000000000,10.2,0.514,0.9,0.2,0.373,0.7660000000000000,107.30000000000000,26.1,11.600000000000000,31.900000000000000,159.5,5.5,3.7,0.9,0.4,1.1
2019,Boban Marjanovic\marjabo01,30,58,678.6000000000000,24.2,0.664,3,0.7,0.615,0.748,266.80000000000000,52.2,17.4,29,423.4,7.3,4.6,0.9,0.3,0.5
2019,Boban Marjanovic\marjabo01,30,36,374.40000000000000,24.9,0.6660000000000000,1.7,0.3,0.607,0.758,151.20000000000000,21.600000000000000,10.800000000000000,18,241.20000000000000,6.7,4.2,0.6,0.3,0.5
2019,Boban Marjanovic\marjabo01,30,22,305.8,23.3,0.6630000000000000,1.3,0.3,0.625,0.722,112.20000000000000,33,4.4,11,180.40000000000000,8.2,5.1,1.5,0.2,0.5
2019,Lauri Markkanen\markkla01,21,52,1679.6,17.1,0.5530000000000000,2.7,0,0.43,0.872,468,72.8,36.4,31.2,972.4,18.7,9,1.4,0.7,0.6
2019,Jarell Martin\martija01,24,42,327.60000000000000,9.4,0.528,0.5,-0.2,0.413,0.818,71.40000000000000,16.8,4.2,8.4,113.4,2.7,1.7,0.4,0.1,0.2
2019,Frank Mason\masonfr01,24,38,433.2,12.4,0.502,0.3,-0.3,0.42,0.684,41.800000000000000,83.60000000000000,15.200000000000000,3.8000000000000000,193.80000000000000,5.1,1.1,2.2,0.4,0.1
2019,Yante Maten\matenya01,22,2,13,5.7,0.25,0,0,0.25,,3,0,1,0,2,1,1.5,0,0.5,0
2019,Wesley Matthews\matthwe02,32,69,2090.7000000000000,10.3,0.546,2.7,0.3,0.4,0.81,172.5,158.7,55.2,13.8,841.8,12.2,2.5,2.3,0.8,0.2
2019,Wesley Matthews\matthwe02,32,44,1311.2,11.3,0.556,1.8,0.2,0.414,0.7910000000000000,101.20000000000000,101.20000000000000,35.2,13.2,576.4,13.1,2.3,2.3,0.8,0.3
2019,Wesley Matthews\matthwe02,32,2,54,2.9,0.33,-0.1,-0.1,0.21100000000000000,0.8,3,5,1,1,14,7,1.5,2.5,0.5,0.5
2019,Wesley Matthews\matthwe02,32,23,724.5,9.2,0.5430000000000000,1,0.2,0.386,0.8540000000000000,64.40000000000000,55.200000000000000,20.7,4.6000000000000000,250.70000000000000,10.9,2.8,2.4,0.9,0.2
2019,Luc Mbah a Moute\mbahalu01,32,4,61.2,6.7,0.495,0,-0.1,0.444,0.4,7.2,2,1.2,1.2,20,5,1.8,0.5,0.3,0.3
2019,Tahjere McCall\mccalta01,24,1,8,9.6,0.581,0,0,0.667,0,1,0,0,0,4,4,1,0,0,0
2019,Patrick McCaw\mccawpa01,23,29,397.30000000000000,7.5,0.532,0.5,0.1,0.413,0.867,49.3,29,23.200000000000000,2.9000000000000000,75.4,2.6,1.7,1,0.8,0.1
2019,Patrick McCaw\mccawpa01,23,3,53.100000000000000,-0.7,0.278,-0.2,-0.1,0.222,,3,2.1000000000000000,2.1000000000000000,0,5.1,1.7,1,0.7,0.7,0
2019,Patrick McCaw\mccawpa01,23,26,343.2,8.7,0.569,0.7,0.2,0.444,0.867,44.200000000000000,26,20.8,2.6,70.2,2.7,1.7,1,0.8,0.1
2019,CJ McCollum\mccolcj01,27,70,2373,17,0.5530000000000000,5.6,1.3,0.45900000000000000,0.828,280,210,56,28,1470,21,4,3,0.8,0.4
2019,T.J. McConnell\mccontj01,26,76,1466.8,13.4,0.555,2.9,0.1,0.525,0.784,174.80000000000000,258.4,76,15.200000000000000,486.40000000000000,6.4,2.3,3.4,1,0.2
2019,Doug McDermott\mcderdo01,27,77,1339.8,11.6,0.617,2.9,0,0.491,0.835,107.8,69.3,15.4,7.7,562.1,7.3,1.4,0.9,0.2,0.1
2019,JaVale McGee\mcgeeja01,31,75,1672.5,21.8,0.634,5.9,1.7,0.624,0.632,562.5,52.5,45,150,900,12,7.5,0.7,0.6,2
2019,Rodney McGruder\mcgruro01,27,66,1551,9.4,0.51,1.9,0,0.40300000000000000,0.722,237.6,112.2,33,13.200000000000000,501.60000000000000,7.6,3.6,1.7,0.5,0.2
2019,Alfonzo McKinnie\mckinal01,26,72,1000.8000000000000,11.2,0.569,2.1,-0.1,0.48700000000000000,0.563,244.80000000000000,28.8,21.600000000000000,14.4,338.40000000000000,4.7,3.4,0.4,0.3,0.2
2019,Ben McLemore\mclembe01,25,19,157.70000000000000,10.5,0.541,0.2,-0.1,0.391,0.667,17.1,3.8000000000000000,5.7,3.8000000000000000,74.1,3.9,0.9,0.2,0.3,0.2
2019,Jordan McRae\mcraejo01,27,27,332.1,14.3,0.55,0.5,-0.1,0.469,0.8,40.5,29.700000000000000,13.5,8.1,159.3,5.9,1.5,1.1,0.5,0.3
2019,Jodie Meeks\meeksjo01,31,8,104,16,0.647,0.3,0,0.5380000000000000,1,12,8,0.8,0.8,51.2,6.4,1.5,1,0.1,0.1
2019,Salah Mejri\mejrisa01,32,36,399.60000000000000,16.1,0.5590000000000000,1.1,0.4,0.491,0.625,129.6,36,10.800000000000000,25.2,140.4,3.9,3.6,1,0.3,0.7
2019,De'Anthony Melton\meltode01,20,50,985,9.9,0.466,0,-0.1,0.391,0.75,135,160,70,25,250,5,2.7,3.2,1.4,0.5
2019,Chimezie Metu\metuch01,21,29,145,6.4,0.389,-0.3,-0.3,0.32800000000000000,0.765,34.8,11.600000000000000,5.800000000000000,2.9000000000000000,52.2,1.8,1.2,0.4,0.2,0.1
2019,Khris Middleton\middlkh01,27,77,2394.7000000000000,16.5,0.5580000000000000,6.1,1.7,0.441,0.8370000000000000,462,331.10000000000000,77,7.7,1409.1000000000000,18.3,6,4.3,1,0.1
2019,C.J. Miles\milescj01,31,53,858.6000000000000,9,0.504,0.7,-0.3,0.36,0.828,95.4,37.100000000000000,26.5,15.900000000000000,339.20000000000000,6.4,1.8,0.7,0.5,0.3
2019,C.J. Miles\milescj01,31,40,564,8,0.484,0.4,-0.2,0.34,0.795,68,24,20,12,220,5.5,1.7,0.6,0.5,0.3
2019,C.J. Miles\milescj01,31,13,293.8,10.8,0.544,0.3,-0.1,0.4,0.929,27.3,14.3,7.8,5.2,120.9,9.3,2.1,1.1,0.6,0.4
2019,Darius Miller\milleda01,28,69,1759.5,8.4,0.55,1.6,0.1,0.39,0.789,131.1,144.9,41.4,20.7,565.8,8.2,1.9,2.1,0.6,0.3
2019,Malcolm Miller\millema01,25,10,67,13.7,0.63,0.2,0,0.423,0.75,5,1,1,1,35,3.5,0.5,0.1,0.1,0.1
2019,Patty Mills\millspa02,30,82,1910.6000000000000,13.2,0.5720000000000000,3.5,0.7,0.425,0.8540000000000000,180.4,246,49.200000000000000,8.200000000000000,811.8000000000000,9.9,2.2,3,0.6,0.1
2019,Paul Millsap\millspa01,33,70,1897,17.9,0.57,6.1,2.1,0.484,0.727,504,140,84,56,882,12.6,7.2,2,1.2,0.8
2019,Shake Milton\miltosh01,22,20,268,9.3,0.483,0.3,0,0.391,0.7140000000000000,36,18,8,8,88,4.4,1.8,0.9,0.4,0.4
2019,Nikola Mirotic\mirotni01,27,46,1246.6000000000000,17.2,0.584,3.5,0.6,0.439,0.847,340.40000000000000,55.200000000000000,32.200000000000000,32.200000000000000,699.2000000000000,15.2,7.4,1.2,0.7,0.7
2019,Nikola Mirotic\mirotni01,27,32,924.8,17.5,0.591,2.5,0.4,0.447,0.8420000000000000,265.6,35.2,22.4,25.6,534.4,16.7,8.3,1.1,0.7,0.8
2019,Nikola Mirotic\mirotni01,27,14,320.60000000000000,16.2,0.562,1,0.2,0.415,0.87,75.60000000000000,19.600000000000000,9.800000000000000,8.4,162.4,11.6,5.4,1.4,0.7,0.6
2019,Donovan Mitchell\mitchdo01,22,77,2594.9,17.2,0.537,5,1.7,0.43200000000000000,0.8060000000000000,315.7,323.40000000000000,107.8,30.8,1832.6000000000000,23.8,4.1,4.2,1.4,0.4
2019,Naz Mitrou-Long\mitrona01,25,14,84,2.2,0.38300000000000000,-0.1,-0.1,0.3,1,5.6000000000000000,15.400000000000000,1.4000000000000000,1.4000000000000000,15.400000000000000,1.1,0.4,1.1,0.1,0.1
2019,Malik Monk\monkma01,20,73,1255.6,11.8,0.518,0.3,-0.6,0.387,0.882,138.7,116.80000000000000,36.5,21.9,649.7,8.9,1.9,1.6,0.5,0.3
2019,Greg Monroe\monrogr01,28,43,481.60000000000000,16,0.521,1.1,-0.2,0.48700000000000000,0.625,172,25.8,12.9,8.6,227.9,5.3,4,0.6,0.3,0.2
2019,Greg Monroe\monrogr01,28,38,421.8,13.5,0.48700000000000000,0.6,-0.4,0.46,0.574,155.80000000000000,15.200000000000000,11.4,7.6000000000000000,182.4,4.8,4.1,0.4,0.3,0.2
2019,Greg Monroe\monrogr01,28,2,5,60.2,0.6,0.1,0.1,0.6,,3,1,0,0,6,3,1.5,0.5,0,0
2019,Greg Monroe\monrogr01,28,3,51.900000000000000,31.7,0.736,0.4,0.1,0.652,0.909,12.900000000000000,6.9000000000000000,0.9000000000000000,0,41.100000000000000,13.7,4.3,2.3,0.3,0
2019,E'Twaun Moore\mooreet01,29,53,1462.8000000000000,11.5,0.5670000000000000,1.7,-0.1,0.48100000000000000,0.763,127.20000000000000,100.70000000000000,42.400000000000000,10.600000000000000,630.7,11.9,2.4,1.9,0.8,0.2
2019,Eric Moreland\moreler01,27,5,43,6.7,0.5,0,0,0.429,,20,4,1,1,7,1.4,4,0.8,0.2,0.2
2019,Eric Moreland\moreler01,27,1,5,3.9,,0,0,,,3,0,0,0,0,0,3,0,0,0
2019,Eric Moreland\moreler01,27,4,38,7.1,0.5,0,0,0.429,,17.2,4,1.2,1.2,7.2,1.8,4.3,1,0.3,0.3
2019,Jaylen Morris\morrija01,23,4,29.2,12.2,0.46,0.1,0,0.4,0.5,5.2,4,2,0,10,2.5,1.3,1,0.5,0
2019,Marcus Morris\morrima03,29,75,2092.5,14.2,0.568,4.5,0.3,0.447,0.8440000000000000,457.5,112.5,45,22.5,1042.5,13.9,6.1,1.5,0.6,0.3
2019,Markieff Morris\morrima02,29,58,1270.2000000000000,11.7,0.521,1.6,-0.3,0.42100000000000000,0.772,266.80000000000000,81.20000000000000,34.8,23.200000000000000,545.2,9.4,4.6,1.4,0.6,0.4
2019,Markieff Morris\morrima02,29,34,884,12.3,0.5430000000000000,0.9,0,0.436,0.7810000000000000,173.40000000000000,61.2,23.800000000000000,20.4,391,11.5,5.1,1.8,0.7,0.6
2019,Markieff Morris\morrima02,29,24,386.40000000000000,10.4,0.475,0.7,-0.2,0.391,0.737,91.20000000000000,19.200000000000000,12,2.4000000000000000,156,6.5,3.8,0.8,0.5,0.1
2019,Monte Morris\morrimo01,23,82,1968,16.2,0.5770000000000000,6.2,1.1,0.493,0.802,196.80000000000000,295.2,73.8,0,852.8000000000000,10.4,2.4,3.6,0.9,0
2019,Donatas Motiejunas\motiedo01,28,3,12.900000000000000,-0.5,0.436,-0.1,0,0.5,0,3,0.9000000000000000,0,0.9000000000000000,6,2,1,0.3,0,0.3
2019,Johnathan Motley\motlejo01,23,22,156.2,18.9,0.563,0.3,0,0.534,0.6,50.600000000000000,11,4.4,2.2,101.20000000000000,4.6,2.3,0.5,0.2,0.1
2019,Emmanuel Mudiay\mudiaem01,22,59,1604.8,14.6,0.531,0.8,-0.2,0.446,0.774,194.7,230.1,41.3,17.7,873.2,14.8,3.3,3.9,0.7,0.3
2019,Jamal Murray\murraja01,21,75,2445,16,0.5380000000000000,5.1,1.3,0.43700000000000000,0.848,315,360,67.5,30,1365,18.2,4.2,4.8,0.9,0.4
2019,Dzanan Musa\musadz01,19,9,38.700000000000000,5.8,0.415,-0.1,-0.1,0.409,0,5.4000000000000000,1.8,1.8,0,18.900000000000000,2.1,0.6,0.2,0.2,0
2019,Mike Muscala\muscami01,27,64,1305.6,10.8,0.564,2.5,0.4,0.402,0.8240000000000000,243.2,76.8,19.2,38.4,448,7,3.8,1.2,0.3,0.6
2019,Mike Muscala\muscami01,27,47,1038.7,10.4,0.56,1.9,0.4,0.392,0.818,202.1,61.1,18.8,28.2,347.8,7.4,4.3,1.3,0.4,0.6
2019,Mike Muscala\muscami01,27,17,265.2,12.5,0.578,0.6,0.1,0.434,0.875,44.2,13.600000000000000,3.4000000000000000,10.2,100.30000000000000,5.9,2.6,0.8,0.2,0.6
2019,Sviatoslav Mykhailiuk\mykhasv01,21,42,441,6,0.447,-0.1,-0.4,0.32900000000000000,0.6,37.800000000000000,37.800000000000000,12.6,0,134.4,3.2,0.9,0.9,0.3,0
2019,Sviatoslav Mykhailiuk\mykhasv01,21,39,421.20000000000000,5.8,0.451,-0.1,-0.4,0.33300000000000000,0.6,35.1,31.200000000000000,11.7,0,128.7,3.3,0.9,0.8,0.3,0
2019,Sviatoslav Mykhailiuk\mykhasv01,21,3,20.1,9.8,0.375,0,0,0.25,,2.1000000000000000,3.9000000000000000,0.9000000000000000,0,6,2,0.7,1.3,0.3,0
2019,Abdel Nader\naderab01,25,61,695.4,8.8,0.522,0.9,-0.5,0.423,0.75,115.90000000000000,18.3,18.3,12.200000000000000,244,4,1.9,0.3,0.3,0.2
2019,Larry Nance\nancela02,26,67,1795.6000000000000,18.6,0.583,4.9,2.7,0.52,0.716,549.4,214.4,100.5,40.200000000000000,629.8000000000000,9.4,8.2,3.2,1.5,0.6
2019,Shabazz Napier\napiesh01,27,56,985.6000000000000,15.3,0.534,2,0.3,0.389,0.833,100.8,145.6,39.200000000000000,16.8,526.4,9.4,1.8,2.6,0.7,0.3
2019,Raul Neto\netora01,26,37,473.6,13.5,0.5580000000000000,1.1,0,0.46,0.848,62.9,92.5,14.8,3.7,196.1,5.3,1.7,2.5,0.4,0.1
2019,Georges Niang\niangge01,25,59,513.3,13,0.613,1.3,0.1,0.475,0.833,88.5,35.4,11.8,5.9,236,4,1.5,0.6,0.2,0.1
2019,Joakim Noah\noahjo01,33,42,693,18.6,0.5710000000000000,2.2,0.6,0.516,0.716,239.4,88.2,21,29.4,298.2,7.1,5.7,2.1,0.5,0.7
2019,Nerlens Noel\noelne01,24,77,1054.9000000000000,19.3,0.608,4.3,1.6,0.5870000000000000,0.684,323.40000000000000,46.200000000000000,69.3,92.40000000000000,377.3,4.9,4.2,0.6,0.9,1.2
2019,Dirk Nowitzki\nowitdi01,40,51,795.6,9.6,0.469,0.3,-0.8,0.359,0.78,158.1,35.700000000000000,10.200000000000000,20.400000000000000,372.3,7.3,3.1,0.7,0.2,0.4
2019,Frank Ntilikina\ntilila01,20,43,903,6,0.41700000000000000,-0.8,-0.8,0.337,0.767,86,120.40000000000000,30.100000000000000,12.9,245.1,5.7,2,2.8,0.7,0.3
2019,James Nunnally\nunnaja01,28,15,102,7.3,0.503,0.1,-0.1,0.353,1,4.5,7.5,1.5,0,36,2.4,0.3,0.5,0.1,0
2019,James Nunnally\nunnaja01,28,13,63.7,12.1,0.593,0.1,0,0.429,1,3.9,5.2,1.3,0,27.3,2.1,0.3,0.4,0.1,0
2019,James Nunnally\nunnaja01,28,2,38,-0.8,0.34600000000000000,-0.1,-0.1,0.231,,1,2,0,0,9,4.5,0.5,1,0,0
2019,Jusuf Nurkic\nurkiju01,24,72,1972.8,23.4,0.57,7.8,3.5,0.508,0.773,748.8000000000000,230.4,72,100.8,1123.2,15.6,10.4,3.2,1,1.4
2019,David Nwaba\nwabada01,26,51,984.3000000000000,12.5,0.5580000000000000,1.4,0.1,0.48100000000000000,0.682,163.20000000000000,56.1,35.700000000000000,15.300000000000000,331.5,6.5,3.2,1.1,0.7,0.3
2019,Royce O'Neale\onealro01,25,82,1672.8,9,0.589,3.3,0.9,0.475,0.762,287,123,57.4,24.600000000000000,426.40000000000000,5.2,3.5,1.5,0.7,0.3
2019,Kyle O'Quinn\oquinky01,28,45,369.00000000000000,16.8,0.537,1,0.4,0.507,0.81,117,54,9,27,157.5,3.5,2.6,1.2,0.2,0.6
2019,Semi Ojeleye\ojelese01,24,56,593.6,8.5,0.531,0.7,-0.3,0.424,0.615,84,22.400000000000000,11.200000000000000,5.6000000000000000,184.80000000000000,3.3,1.5,0.4,0.2,0.1
2019,Jahlil Okafor\okafoja01,23,59,932.2,17.9,0.603,2.2,-0.1,0.586,0.6630000000000000,277.3,41.3,17.7,41.3,483.80000000000000,8.2,4.7,0.7,0.3,0.7
2019,Elie Okobo\okoboel01,21,53,959.3000000000000,7.6,0.489,-0.5,-0.9,0.39300000000000000,0.787,95.4,127.20000000000000,31.800000000000000,5.300000000000000,302.1,5.7,1.8,2.4,0.6,0.1
2019,Josh Okogie\okogijo01,20,74,1753.8,9.4,0.49200000000000000,1.2,0.1,0.386,0.728,214.6,88.8,88.8,29.6,569.8000000000000,7.7,2.9,1.2,1.2,0.4
2019,Victor Oladipo\oladivi01,26,36,1148.4000000000000,17.6,0.519,2.3,1.3,0.423,0.73,201.6,187.20000000000000,61.200000000000000,10.800000000000000,676.8000000000000,18.8,5.6,5.2,1.7,0.3
2019,Kelly Olynyk\olynyke01,27,79,1809.1,14.4,0.61,4.7,1.4,0.46300000000000000,0.8220000000000000,371.3,142.20000000000000,55.3,39.5,790,10,4.7,1.8,0.7,0.5
2019,Cedi Osman\osmande01,23,76,2447.2000000000000,11.5,0.536,1.5,-0.1,0.42700000000000000,0.779,357.2,197.6,60.800000000000000,7.6000000000000000,988,13,4.7,2.6,0.8,0.1
2019,Kelly Oubre\oubreke01,23,69,1932,15.2,0.551,2.2,-0.1,0.445,0.775,324.3,82.8,82.8,62.1,1048.8,15.2,4.7,1.2,1.2,0.9
2019,Kelly Oubre\oubreke01,23,29,754,13.3,0.545,0.8,-0.3,0.433,0.8,127.60000000000000,20.300000000000000,26.1,20.300000000000000,374.1,12.9,4.4,0.7,0.9,0.7
2019,Kelly Oubre\oubreke01,23,40,1180,16.4,0.555,1.3,0.2,0.45300000000000000,0.7610000000000000,196,64,56,40,676,16.9,4.9,1.6,1.4,1
2019,Zaza Pachulia\pachuza01,34,68,877.2,13.7,0.539,2.3,0.5,0.44,0.782,265.2,88.4,34,20.4,265.2,3.9,3.9,1.3,0.5,0.3
2019,Jabari Parker\parkeja01,23,64,1721.6,15.5,0.56,1.4,0,0.493,0.7120000000000000,422.4,153.6,44.8,32,928,14.5,6.6,2.4,0.7,0.5
2019,Jabari Parker\parkeja01,23,39,1041.3,14.6,0.5430000000000000,0.5,-0.3,0.474,0.731,241.8,85.80000000000000,23.4,15.600000000000000,557.7,14.3,6.2,2.2,0.6,0.4
2019,Jabari Parker\parkeja01,23,25,682.5,17,0.5870000000000000,0.9,0.2,0.523,0.684,180,67.5,22.5,15,375,15,7.2,2.7,0.9,0.6
2019,Tony Parker\parketo01,36,56,1002.4000000000000,15.3,0.512,0.9,-0.8,0.46,0.7340000000000000,84,207.20000000000000,22.400000000000000,5.6000000000000000,532,9.5,1.5,3.7,0.4,0.1
2019,Chandler Parsons\parsoch01,30,25,495,8.5,0.484,0,-0.3,0.374,0.88,70,42.5,20,5,187.5,7.5,2.8,1.7,0.8,0.2
2019,Patrick Patterson\pattepa01,29,63,863.1000000000000,8.1,0.493,1.1,-0.4,0.374,0.633,144.90000000000000,31.5,18.9,12.600000000000000,226.8,3.6,2.3,0.5,0.3,0.2
2019,Justin Patton\pattoju01,21,3,21,10.5,0.317,0,0,0.28600000000000000,0.5,6,3,2.1000000000000000,0,5.1,1.7,2,1,0.7,0
2019,Chris Paul\paulch01,33,58,1856,19.7,0.56,6.6,2.4,0.419,0.862,266.80000000000000,475.60000000000000,116,17.4,904.8,15.6,4.6,8.2,2,0.3
2019,Cameron Payne\payneca01,24,40,712,11.5,0.519,0.5,-0.3,0.43,0.805,72,108,28,8,252,6.3,1.8,2.7,0.7,0.2
2019,Cameron Payne\payneca01,24,31,536.3000000000000,10.3,0.49200000000000000,0.2,-0.3,0.41100000000000000,0.88,52.700000000000000,83.7,18.600000000000000,6.2,176.70000000000000,5.7,1.7,2.7,0.6,0.2
2019,Cameron Payne\payneca01,24,9,176.4,15.3,0.596,0.3,0,0.491,0.688,18.900000000000000,23.400000000000000,8.1,2.7000000000000000,73.8,8.2,2.1,2.6,0.9,0.3
2019,Elfrid Payton\paytoel01,24,42,1251.6000000000000,14,0.502,1.5,0.4,0.434,0.743,218.4,319.2,42,16.8,445.2,10.6,5.2,7.6,1,0.4
2019,Gary Payton\paytoga02,26,3,15.900000000000000,36.9,0.688,0.1,0.1,0.625,,2.1000000000000000,3.9000000000000000,3,0.9000000000000000,11.100000000000000,3.7,0.7,1.3,1,0.3
2019,Theo Pinson\pinsoth01,23,18,210.6,8.1,0.49,0,-0.1,0.342,0.8640000000000000,36,21.600000000000000,5.4000000000000000,0,81,4.5,2,1.2,0.3,0
2019,Mason Plumlee\plumlma01,28,82,1730.2,17.8,0.602,5.8,2.6,0.593,0.561,524.8000000000000,246,65.60000000000000,73.8,639.6,7.8,6.4,3,0.8,0.9
2019,Miles Plumlee\plumlmi01,30,18,172.80000000000000,18.9,0.654,0.5,0.1,0.667,0.5330000000000000,39.6,16.2,5.4000000000000000,3.6,79.2,4.4,2.2,0.9,0.3,0.2
2019,Jakob Poeltl\poeltja01,23,77,1270.5,19.4,0.64,5.1,2,0.645,0.5330000000000000,408.10000000000000,92.40000000000000,30.8,69.3,423.5,5.5,5.3,1.2,0.4,0.9
2019,Quincy Pondexter\pondequ01,30,53,291.5,13.2,0.6410000000000000,0.8,0,0.5,0.81,47.7,26.5,10.600000000000000,0,95.4,1.8,0.9,0.5,0.2,0
2019,Otto Porter\porteot01,25,56,1685.6000000000000,15.9,0.569,3.2,1,0.465,0.813,313.60000000000000,117.60000000000000,84,33.6,778.4,13.9,5.6,2.1,1.5,0.6
2019,Otto Porter\porteot01,25,41,1189,15,0.551,2.1,0.6,0.457,0.7660000000000000,229.6,82,65.60000000000000,20.5,516.6,12.6,5.6,2,1.6,0.5
2019,Otto Porter\porteot01,25,15,492.00000000000000,18,0.609,1.1,0.4,0.483,0.9060000000000000,82.5,40.5,18,9,262.5,17.5,5.5,2.7,1.2,0.6
2019,Bobby Portis\portibo01,23,50,1300,16.1,0.529,1.6,-0.3,0.444,0.794,405,70,35,20,710,14.2,8.1,1.4,0.7,0.4
2019,Bobby Portis\portibo01,23,22,530.2,17.2,0.529,0.7,-0.1,0.45,0.78,160.6,28.6,11,8.8,310.2,14.1,7.3,1.3,0.5,0.4
2019,Bobby Portis\portibo01,23,28,767.2000000000000,15.3,0.53,0.9,-0.2,0.44,0.809,240.80000000000000,42,25.2,11.200000000000000,400.40000000000000,14.3,8.6,1.5,0.9,0.4
2019,Dwight Powell\poweldw01,27,77,1663.2,20.4,0.682,7.5,2.5,0.597,0.772,408.10000000000000,115.5,46.200000000000000,46.200000000000000,816.2000000000000,10.6,5.3,1.5,0.6,0.6
2019,Norman Powell\powelno01,25,60,1128,13.3,0.596,2.4,0.4,0.483,0.8270000000000000,138,90,42,12,516,8.6,2.3,1.5,0.7,0.2
2019,Alex Poythress\poythal01,25,21,304.5,12.2,0.5710000000000000,0.5,0,0.494,0.621,75.60000000000000,16.8,4.2,10.5,107.1,5.1,3.6,0.8,0.2,0.5
2019,Zhou Qi\qizh01,23,1,1,80.4,1,0,0,1,,0,0,0,0,2,2,0,0,0,0
2019,Ivan Rabb\rabbiv01,21,49,720.3,16.1,0.586,2.1,0.2,0.547,0.71,205.8,53.900000000000000,14.7,14.7,284.2,5.8,4.2,1.1,0.3,0.3
2019,Chasson Randle\randlch01,25,49,744.8,9.9,0.555,0.6,-0.4,0.419,0.6940000000000000,53.900000000000000,98,24.5,4.9,269.5,5.5,1.1,2,0.5,0.1
2019,Julius Randle\randlju01,24,73,2233.8,21,0.6,6.1,1.9,0.524,0.731,635.1000000000000,226.3,51.100000000000000,43.8,1562.2000000000000,21.4,8.7,3.1,0.7,0.6
2019,J.J. Redick\redicjj01,34,76,2378.8,15.1,0.602,5.9,0.8,0.44,0.894,182.4,205.20000000000000,30.400000000000000,15.200000000000000,1375.6000000000000,18.1,2.4,2.7,0.4,0.2
2019,Davon Reed\reedda01,23,10,47,8.1,0.5,0.1,0,0.41700000000000000,,6,3,1,0,12,1.2,0.6,0.3,0.1,0
2019,Cameron Reynolds\reynoca01,23,19,258.4,10.4,0.58,0.4,0,0.423,0.889,30.400000000000000,13.300000000000000,5.7,1.9000000000000000,95,5,1.6,0.7,0.3,0.1
2019,Josh Richardson\richajo01,25,73,2540.4000000000000,14,0.536,5.6,1.7,0.41200000000000000,0.861,262.8,299.30000000000000,80.30000000000000,36.5,1211.8000000000000,16.6,3.6,4.1,1.1,0.5
2019,Malachi Richardson\richama01,23,22,103.4,0.9,0.48100000000000000,-0.1,-0.2,0.31,0.8,13.2,0,0,0,30.800000000000000,1.4,0.6,0,0,0
2019,Austin Rivers\riverau01,26,76,2029.2,7.7,0.503,1.2,-0.7,0.406,0.526,159.6,167.20000000000000,45.6,22.8,615.6,8.1,2.1,2.2,0.6,0.3
2019,Austin Rivers\riverau01,26,29,684.4000000000000,6.8,0.49,-0.2,-0.4,0.392,0.5430000000000000,69.6,58,17.4,8.7,208.8,7.2,2.4,2,0.6,0.3
2019,Austin Rivers\riverau01,26,47,1344.2,8.2,0.511,1.4,-0.3,0.413,0.51,89.3,108.1,28.2,14.1,408.9,8.7,1.9,2.3,0.6,0.3
2019,Devin Robinson\robinde01,23,7,95.2,20.6,0.616,0.3,0.1,0.594,0.643,20.3,6.3,4.2,6.3,46.9,6.7,2.9,0.9,0.6,0.9
2019,Duncan Robinson\robindu01,24,15,160.5,7.6,0.514,0.2,-0.1,0.391,0.667,19.5,4.5,4.5,0,49.5,3.3,1.3,0.3,0.3,0
2019,Glenn Robinson\robingl02,25,47,611,8.7,0.511,0.7,-0.3,0.42,0.8,70.5,18.8,14.1,9.4,197.4,4.2,1.5,0.4,0.3,0.2
2019,Jerome Robinson\robinje01,21,33,320.10000000000000,7.2,0.491,0.1,-0.2,0.4,0.667,39.6,19.8,9.9,3.3000000000000000,112.2,3.4,1.2,0.6,0.3,0.1
2019,Mitchell Robinson\robinmi01,20,66,1359.6000000000000,22,0.6920000000000000,6.1,2.7,0.6940000000000000,0.6,422.40000000000000,39.6,52.800000000000000,158.4,481.8,7.3,6.4,0.6,0.8,2.4
2019,Rajon Rondo\rondora01,32,46,1370.8,12.1,0.473,1.3,0.1,0.405,0.639,243.80000000000000,368,55.200000000000000,9.200000000000000,423.2,9.2,5.3,8,1.2,0.2
2019,Derrick Rose\rosede01,30,51,1392.3,19.5,0.557,3,0.5,0.48200000000000000,0.856,137.70000000000000,219.30000000000000,30.600000000000000,10.200000000000000,918,18,2.7,4.3,0.6,0.2
2019,Terrence Ross\rosste01,27,81,2146.5,15.4,0.561,4.3,0.9,0.428,0.875,283.5,137.7,72.9,32.4,1223.1,15.1,3.5,1.7,0.9,0.4
2019,Terry Rozier\roziete01,24,79,1793.3,12.9,0.501,3.2,0.6,0.387,0.785,308.10000000000000,229.1,71.10000000000000,23.7,711,9,3.9,2.9,0.9,0.3
2019,Ricky Rubio\rubiori01,28,68,1897.2000000000000,14,0.52,3.7,0.9,0.40400000000000000,0.855,244.8,414.80000000000000,88.4,6.800000000000000,863.6000000000000,12.7,3.6,6.1,1.3,0.1
2019,D'Angelo Russell\russeda01,22,81,2446.2,19.4,0.5330000000000000,5,3.3,0.434,0.78,315.9,567,97.2,16.2,1709.1000000000000,21.1,3.9,7,1.2,0.2
2019,Domantas Sabonis\sabondo01,22,74,1835.2,21.9,0.63,7.6,2.6,0.59,0.715,688.2,214.6,44.4,29.6,1043.4000000000000,14.1,9.3,2.9,0.6,0.4
2019,Brandon Sampson\sampsbr01,21,14,214.20000000000000,8.5,0.5670000000000000,0,-0.1,0.467,0.667,15.400000000000000,9.800000000000000,8.4,2.8000000000000000,71.40000000000000,5.1,1.1,0.7,0.6,0.2
2019,JaKarr Sampson\sampsja02,25,4,127.2,22.5,0.633,0.5,0,0.537,0.81,32,4,4,3.2,80,20,8,1,1,0.8
2019,Dario Saric\saricda01,24,81,2025,13.1,0.563,3.5,0.5,0.43700000000000000,0.88,453.60000000000000,129.6,48.6,8.1,858.6,10.6,5.6,1.6,0.6,0.1
2019,Dario Saric\saricda01,24,13,396.5,8.1,0.496,0.2,-0.2,0.364,0.9,85.8,26,3.9,2.6,144.30000000000000,11.1,6.6,2,0.3,0.2
2019,Dario Saric\saricda01,24,68,1625.2000000000000,14.3,0.579,3.3,0.7,0.45400000000000000,0.875,374,102,40.8,6.800000000000000,714,10.5,5.5,1.5,0.6,0.1
2019,Tomas Satoransky\satorto01,27,80,2168,14.1,0.59,4.7,0.8,0.485,0.8190000000000000,280,400,80,16,712,8.9,3.5,5,1,0.2
2019,Dennis Schroder\schrode01,25,79,2314.7000000000000,12.7,0.508,2.9,-0.6,0.414,0.8190000000000000,284.40000000000000,323.9,63.2,15.8,1224.5,15.5,3.6,4.1,0.8,0.2
2019,Mike Scott\scottmi01,30,79,1398.3,8.6,0.528,1.6,-0.2,0.4,0.667,276.5,63.2,23.7,15.8,458.2,5.8,3.5,0.8,0.3,0.2
2019,Mike Scott\scottmi01,30,52,748.8000000000000,9.4,0.521,0.9,-0.1,0.4,0.667,171.6,41.6,15.6,10.4,249.6,4.8,3.3,0.8,0.3,0.2
2019,Mike Scott\scottmi01,30,27,648,7.7,0.537,0.7,-0.2,0.4,0.667,102.6,21.6,8.1,5.4,210.6,7.8,3.8,0.8,0.3,0.2
2019,Thabo Sefolosha\sefolth01,34,50,610,12.1,0.599,1.5,0.4,0.47700000000000000,0.636,125,25,45,5,190,3.8,2.5,0.5,0.9,0.1
2019,Wayne Selden\seldewa01,24,75,1440,8.3,0.491,-0.3,-1.1,0.406,0.728,180,112.5,30,15,517.5,6.9,2.4,1.5,0.4,0.2
2019,Wayne Selden\seldewa01,24,32,454.4,8.8,0.495,0.1,-0.4,0.40400000000000000,0.759,44.8,35.2,9.6,6.4,172.8,5.4,1.4,1.1,0.3,0.2
2019,Wayne Selden\seldewa01,24,43,984.7000000000000,8.1,0.489,-0.4,-0.8,0.40700000000000000,0.7140000000000000,137.6,73.1,21.5,8.6,344,8,3.2,1.7,0.5,0.2
2019,Collin Sexton\sextoco01,20,82,2607.6,12,0.52,-0.6,-2.1,0.43,0.8390000000000000,237.80000000000000,246,41,8.200000000000000,1369.4000000000000,16.7,2.9,3,0.5,0.1
2019,Landry Shamet\shamela01,21,79,1801.2,11,0.604,3.6,0.5,0.431,0.8060000000000000,134.30000000000000,118.5,39.5,7.9,718.9,9.1,1.7,1.5,0.5,0.1
2019,Landry Shamet\shamela01,21,54,1107,10.7,0.606,2.2,0.1,0.441,0.815,75.6,59.400000000000000,21.6,5.4,448.20000000000000,8.3,1.4,1.1,0.4,0.1
2019,Landry Shamet\shamela01,21,25,695,11.3,0.601,1.4,0.3,0.414,0.795,55.00000000000000,57.50000000000000,12.5,2.5,272.5,10.9,2.2,2.3,0.5,0.1
2019,Iman Shumpert\shumpim01,28,62,1481.8,9.1,0.499,1.4,0.2,0.374,0.8,186,111.60000000000000,62,24.8,465,7.5,3,1.8,1,0.4
2019,Iman Shumpert\shumpim01,28,42,1100.4000000000000,10.1,0.511,1.2,0.4,0.382,0.8290000000000000,130.20000000000000,92.4,46.2,21,373.8,8.9,3.1,2.2,1.1,0.5
2019,Iman Shumpert\shumpim01,28,20,382,6.3,0.456,0.2,-0.2,0.34700000000000000,0.5,54,22,12,4,92,4.6,2.7,1.1,0.6,0.2
2019,Pascal Siakam\siakapa01,24,80,2552,18.7,0.628,9.3,3.5,0.5490000000000000,0.785,552,248,72,56,1352,16.9,6.9,3.1,0.9,0.7
2019,Jordan Sibert\siberjo01,26,1,4,29.7,1.5,0,0,1,,0,0,0,0,3,3,0,0,0,0
2019,Ben Simmons\simmobe01,22,79,2701.8,20,0.5820000000000000,8.2,4.1,0.563,0.6,695.2,608.3000000000000,110.6,63.2,1335.1,16.9,8.8,7.7,1.4,0.8
2019,Jonathon Simmons\simmojo02,29,56,1064,8.5,0.466,0.3,-0.7,0.38,0.742,128.80000000000000,128.80000000000000,28,16.8,364,6.5,2.3,2.3,0.5,0.3
2019,Jonathon Simmons\simmojo02,29,41,844.6,7.4,0.445,-0.2,-0.7,0.364,0.778,98.40000000000000,94.3,16.400000000000000,12.300000000000000,282.90000000000000,6.9,2.4,2.3,0.4,0.3
2019,Jonathon Simmons\simmojo02,29,15,219,12.9,0.5530000000000000,0.5,0,0.45300000000000000,0.64,25.5,33,10.5,1.5,82.5,5.5,1.7,2.2,0.7,0.1
2019,Kobi Simmons\simmoko01,21,1,2,0,,0,0,,,0,0,0,0,0,0,0,0,0,0
2019,Anfernee Simons\simonan01,19,20,142,11.1,0.535,0.1,-0.2,0.444,0.563,14,14,2,0,76,3.8,0.7,0.7,0.1,0
2019,Marcus Smart\smartma01,24,80,2200,13.1,0.568,5.3,2.1,0.42200000000000000,0.8060000000000000,232,320,144,32,712,8.9,2.9,4,1.8,0.4
2019,Dennis Smith\smithde03,21,53,1510.5,12.3,0.502,0,-0.2,0.428,0.635,153.7,254.40000000000000,68.9,21.200000000000000,720.8,13.6,2.9,4.8,1.3,0.4
2019,Dennis Smith\smithde03,21,32,908.8,11.5,0.527,0.2,-0.1,0.44,0.695,96,137.6,41.6,9.6,412.8,12.9,3,4.3,1.3,0.3
2019,Dennis Smith\smithde03,21,21,600.6,13.5,0.473,-0.2,-0.1,0.413,0.568,58.8,113.4,27.3,8.4,308.7,14.7,2.8,5.4,1.3,0.4
2019,Ish Smith\smithis01,30,56,1248.8,11.8,0.485,1.7,-0.3,0.419,0.758,145.6,201.6,28,11.200000000000000,498.40000000000000,8.9,2.6,3.6,0.5,0.2
2019,J.R. Smith\smithjr01,33,11,222.2,7.8,0.444,-0.2,-0.2,0.342,0.8,17.6,20.9,11,3.3,73.7,6.7,1.6,1.9,1,0.3
2019,Jason Smith\smithja02,32,20,190,9.8,0.49200000000000000,0.2,-0.1,0.35600000000000000,0.875,52,14,4,8,66,3.3,2.6,0.7,0.2,0.4
2019,Jason Smith\smithja02,32,12,129.60000000000000,11.7,0.52,0.2,0,0.405,0.833,37.2,12,1.2000000000000000,4.800000000000000,44.400000000000000,3.7,3.1,1,0.1,0.4
2019,Jason Smith\smithja02,32,6,40.2,6.3,0.46800000000000000,0,0,0.308,1,10.8,1.2000000000000000,1.8000000000000000,1.8000000000000000,13.200000000000000,2.2,1.8,0.2,0.3,0.3
2019,Jason Smith\smithja02,32,2,20,4.6,0.405,0,0,0.222,1,4,1,0,0,8,4,2,0.5,0,0
2019,Zhaire Smith\smithzh01,19,6,111,9.5,0.5330000000000000,0.1,-0.1,0.41200000000000000,0.75,13.200000000000000,10.2,1.8000000000000000,1.8000000000000000,40.2,6.7,2.2,1.7,0.3,0.3
2019,Tony Snell\snellto01,27,74,1302.4,10.7,0.585,3.2,0.3,0.452,0.8810000000000000,155.4,66.60000000000000,29.6,14.8,444,6,2.1,0.9,0.4,0.2
2019,Ray Spalding\spaldra01,21,14,148.4,14.6,0.516,0.2,-0.1,0.532,0.33300000000000000,47.6,5.6000000000000000,8.4,8.4,54.6,3.9,3.4,0.4,0.6,0.6
2019,Ray Spalding\spaldra01,21,1,1,0,,0,0,,,0,0,0,0,0,0,0,0,0,0
2019,Ray Spalding\spaldra01,21,13,146.9,14.7,0.516,0.2,-0.1,0.532,0.33300000000000000,48.1,5.2,9.1,7.8,54.6,4.2,3.7,0.4,0.7,0.6
2019,Omari Spellman\spellom01,21,46,805,12.4,0.516,1.2,0.2,0.402,0.711,193.20000000000000,46,27.600000000000000,23,271.40000000000000,5.9,4.2,1,0.6,0.5
2019,Nik Stauskas\stausni01,25,68,1013.2,10.9,0.545,1.1,-0.3,0.402,0.8910000000000000,129.2,81.6,20.4,6.800000000000000,401.20000000000000,5.9,1.9,1.2,0.3,0.1
2019,Nik Stauskas\stausni01,25,44,673.2,10.8,0.545,0.8,-0.1,0.419,0.889,79.2,61.600000000000000,13.2,4.4,268.4,6.1,1.8,1.4,0.3,0.1
2019,Nik Stauskas\stausni01,25,24,343.20000000000000,11.3,0.544,0.3,-0.2,0.36700000000000000,0.893,48,19.200000000000000,7.200000000000000,2.4000000000000000,132,5.5,2,0.8,0.3,0.1
2019,D.J. Stephens\stephdj01,28,1,7,5.5,0.5,0,0,0.5,,0,0,1,0,2,2,0,0,1,0
2019,Lance Stephenson\stephla01,28,68,1122,11.8,0.529,1.1,0,0.426,0.685,217.60000000000000,142.8,40.8,6.800000000000000,489.6,7.2,3.2,2.1,0.6,0.1
2019,Edmond Sumner\sumneed01,23,23,209.30000000000000,7.6,0.44300000000000000,0.1,-0.1,0.344,0.625,23,9.200000000000000,11.5,4.6000000000000000,66.7,2.9,1,0.4,0.5,0.2
2019,Caleb Swanigan\swanica01,21,21,178.5,4.7,0.377,-0.2,-0.3,0.34,0.667,63,10.5,6.3,0,42,2,3,0.5,0.3,0
2019,Caleb Swanigan\swanica01,21,18,145.80000000000000,3.1,0.37200000000000000,-0.3,-0.3,0.318,0.857,52.200000000000000,7.2,3.6,0,34.200000000000000,1.9,2.9,0.4,0.2,0
2019,Caleb Swanigan\swanica01,21,3,33,11.7,0.405,0,0,0.444,0,12,3.9000000000000000,2.1000000000000000,0.9000000000000000,8.100000000000000,2.7,4,1.3,0.7,0.3
2019,Jayson Tatum\tatumja01,20,79,2456.9,15.1,0.547,5,0.8,0.45,0.855,474,165.9,86.9,55.3,1240.3,15.7,6,2.1,1.1,0.7
2019,Jeff Teague\teaguje01,30,42,1264.2,15.4,0.528,2.2,-0.1,0.423,0.804,105,344.4,42,16.8,508.2,12.1,2.5,8.2,1,0.4
2019,Garrett Temple\templga01,32,75,2040,8.5,0.5430000000000000,2.2,0.4,0.42200000000000000,0.748,217.5,105,75,30,585,7.8,2.9,1.4,1,0.4
2019,Garrett Temple\templga01,32,49,1528.8,8.6,0.551,1.6,0.2,0.429,0.75,151.9,68.6,49,24.5,460.6,9.4,3.1,1.4,1,0.5
2019,Garrett Temple\templga01,32,26,509.6,8,0.514,0.6,0.2,0.396,0.742,65,36.4,26,5.2,122.2,4.7,2.5,1.4,1,0.2
2019,Milos Teodosic\teodomi01,31,15,150,6.5,0.557,-0.1,-0.2,0.425,0.5710000000000000,16.5,31.5,3,1.5,48,3.2,1.1,2.1,0.2,0.1
2019,Jared Terrell\terreja01,23,14,110.60000000000000,0.7,0.37200000000000000,-0.3,-0.2,0.308,0.5,5.6000000000000000,12.6,2.8000000000000000,1.4000000000000000,30.800000000000000,2.2,0.4,0.9,0.2,0.1
2019,Emanuel Terry\terryem01,22,3,23.1,19.7,0.5710000000000000,0.1,0,0.5710000000000000,0.5,6.9000000000000000,2.1000000000000000,3,0,9.900000000000000,3.3,2.3,0.7,1,0
2019,Emanuel Terry\terryem01,22,2,20,19.9,0.654,0.1,0,0.667,0.5,6,1,3,0,9,4.5,3,0.5,1.5,0
2019,Emanuel Terry\terryem01,22,1,3,18.4,0.266,0,0,0,0.5,1,1,0,0,1,1,1,1,0,0
2019,Daniel Theis\theisda01,26,66,910.8000000000000,17,0.624,3.5,1,0.5490000000000000,0.737,224.4,66,19.8,39.6,376.2,5.7,3.4,1,0.3,0.6
2019,Isaiah Thomas\thomais02,29,12,181.2,7,0.43700000000000000,-0.3,-0.3,0.34300000000000000,0.63,13.200000000000000,22.800000000000000,4.800000000000000,1.2000000000000000,97.20000000000000,8.1,1.1,1.9,0.4,0.1
2019,Khyri Thomas\thomakh01,22,26,195,6.2,0.413,0,-0.2,0.319,0.636,20.8,7.8,7.8,5.2,59.8,2.3,0.8,0.3,0.3,0.2
2019,Lance Thomas\thomala01,30,46,782,6.4,0.48200000000000000,0.1,-0.7,0.396,0.75,115,27.600000000000000,18.400000000000000,9.200000000000000,207,4.5,2.5,0.6,0.4,0.2
2019,Klay Thompson\thompkl01,28,78,2652,16.6,0.5710000000000000,5.3,0.8,0.467,0.816,296.4,187.2,85.80000000000000,46.8,1677,21.5,3.8,2.4,1.1,0.6
2019,Tristan Thompson\thomptr01,27,43,1199.7,18.4,0.551,2.6,0.7,0.529,0.642,438.60000000000000,86,30.100000000000000,17.2,468.7,10.9,10.2,2,0.7,0.4
2019,Sindarius Thornwell\thornsi01,24,64,313.6,5.2,0.485,0,-0.2,0.34700000000000000,0.735,44.8,19.2,12.8,6.4,64,1,0.7,0.3,0.2,0.1
2019,Anthony Tolliver\tollian01,33,65,1079,8.6,0.5710000000000000,1.2,-0.1,0.382,0.7830000000000000,175.5,45.5,19.5,19.5,325,5,2.7,0.7,0.3,0.3
2019,Karl-Anthony Towns\townska01,23,77,2548.7000000000000,26.3,0.622,10.4,5.7,0.518,0.836,954.8000000000000,261.8,69.3,123.2,1878.8,24.4,12.4,3.4,0.9,1.6
2019,Gary Trent\trentga02,20,15,111,3.6,0.377,-0.2,-0.2,0.32,0.429,10.5,4.5,1.5,1.5,40.5,2.7,0.7,0.3,0.1,0.1
2019,Allonzo Trier\trieral01,23,64,1459.2,12.2,0.564,0.9,-0.8,0.44800000000000000,0.8030000000000000,198.4,121.6,25.6,12.8,697.6,10.9,3.1,1.9,0.4,0.2
2019,P.J. Tucker\tuckepj01,33,82,2804.4,9.2,0.547,5,2.3,0.396,0.695,475.60000000000000,98.40000000000000,131.20000000000000,41,598.6,7.3,5.8,1.2,1.6,0.5
2019,Evan Turner\turneev01,30,73,1606,11.6,0.504,2,0.1,0.46,0.708,328.5,284.7,36.5,14.600000000000000,496.4,6.8,4.5,3.9,0.5,0.2
2019,Myles Turner\turnemy01,22,74,2116.4,18,0.5670000000000000,6.3,2.8,0.48700000000000000,0.736,532.8000000000000,118.4,59.2,199.8,984.2,13.3,7.2,1.6,0.8,2.7
2019,Ekpe Udoh\udohek01,31,51,321.3,20.9,0.698,1.6,0.6,0.6940000000000000,0.633,91.8,25.5,10.200000000000000,30.600000000000000,117.3,2.3,1.8,0.5,0.2,0.6
2019,Tyler Ulis\ulisty01,23,1,1,0,,0,0,,,0,0,0,0,0,0,0,0,0,0
2019,Jonas Valanciunas\valanjo01,26,49,1092.7,24.4,0.616,4.2,0.9,0.5590000000000000,0.795,421.4,68.6,19.6,53.900000000000000,764.4,15.6,8.6,1.4,0.4,1.1
2019,Jonas Valanciunas\valanjo01,26,30,564,24.4,0.639,2.6,0.4,0.575,0.8190000000000000,216,30,12,24,384,12.8,7.2,1,0.4,0.8
2019,Jonas Valanciunas\valanjo01,26,19,526.3,24.4,0.594,1.5,0.5,0.545,0.769,203.30000000000000,41.800000000000000,5.7,30.400000000000000,378.10000000000000,19.9,10.7,2.2,0.3,1.6
2019,Jarred Vanderbilt\vandeja01,19,17,69.70000000000000,12.4,0.513,0.1,0,0.474,0.6,23.800000000000000,3.4000000000000000,6.800000000000000,1.7000000000000000,23.800000000000000,1.4,1.4,0.2,0.4,0.1
2019,Fred VanVleet\vanvlfr01,24,64,1760,13.7,0.539,4.3,0.9,0.41,0.843,166.4,307.2,57.6,19.2,704,11,2.6,4.8,0.9,0.3
2019,Noah Vonleh\vonleno01,23,68,1720.4,13.9,0.561,3.2,0.9,0.47,0.7120000000000000,530.4,129.2,47.600000000000000,54.400000000000000,571.2,8.4,7.8,1.9,0.7,0.8
2019,Nikola Vucevic\vucevni01,28,80,2512,25.5,0.573,10.1,5.3,0.518,0.789,960,304,80,88,1664,20.8,12,3.8,1,1.1
2019,Dwyane Wade\wadedw01,37,72,1886.4000000000000,15.8,0.51,2.4,0.7,0.433,0.708,288,302.40000000000000,57.6,36,1080,15,4,4.2,0.8,0.5
2019,Moritz Wagner\wagnemo01,21,43,447.2,10.1,0.5330000000000000,0.2,-0.3,0.415,0.8110000000000000,86,25.8,12.9,12.9,206.4,4.8,2,0.6,0.3,0.3
2019,Dion Waiters\waitedi01,27,44,1139.6,11.4,0.53,1.2,0,0.414,0.5,114.4,123.20000000000000,30.800000000000000,8.8,528,12,2.6,2.8,0.7,0.2
2019,Kemba Walker\walkeke02,28,82,2861.8000000000000,21.7,0.5580000000000000,7.4,3.9,0.434,0.8440000000000000,360.8,483.8,98.40000000000000,32.800000000000000,2099.2000000000000,25.6,4.4,5.9,1.2,0.4
2019,Lonnie Walker\walkelo01,20,17,117.30000000000000,10.8,0.446,0,-0.1,0.348,0.8,17,8.5,6.800000000000000,3.4000000000000000,44.2,2.6,1,0.5,0.4,0.2
2019,John Wall\walljo01,28,32,1104,18,0.527,1.2,0.5,0.444,0.6970000000000000,115.2,278.4,48,28.8,662.4,20.7,3.6,8.7,1.5,0.9
2019,Tyrone Wallace\wallaty01,24,62,626.2000000000000,7,0.45,-0.3,-0.7,0.424,0.526,99.2,43.4,18.600000000000000,6.2,217,3.5,1.6,0.7,0.3,0.1
2019,Taurean Waller-Prince\princta02,24,55,1551,11.9,0.575,1.5,0,0.441,0.8190000000000000,198,115.5,55,16.5,742.5,13.5,3.6,2.1,1,0.3
2019,Brad Wanamaker\wanambr01,29,36,342,14.3,0.597,1,0,0.47600000000000000,0.857,39.6,57.6,10.800000000000000,3.6,140.4,3.9,1.1,1.6,0.3,0.1
2019,T.J. Warren\warretj01,25,43,1358.8,16.3,0.58,2.1,0.1,0.486,0.815,172,64.5,51.6,30.100000000000000,774,18,4,1.5,1.2,0.7
2019,Julian Washburn\washbju01,27,18,253.80000000000000,6.5,0.402,0.1,-0.1,0.33300000000000000,0.75,41.4,14.4,12.6,1.8,39.6,2.2,2.3,0.8,0.7,0.1
2019,Yuta Watanabe\watanyu01,24,15,174,3.3,0.35200000000000000,-0.2,-0.3,0.294,0.7,31.5,7.5,4.5,1.5,39,2.6,2.1,0.5,0.3,0.1
2019,Thomas Welsh\welshth01,22,11,36.3,16.1,0.648,0.1,0,0.5380000000000000,0.5,4.4,5.5,0,0,17.6,1.6,0.4,0.5,0,0
2019,Russell Westbrook\westbru01,30,73,2628,21.1,0.501,6.8,5.6,0.428,0.6560000000000000,810.3,781.1000000000000,138.7,36.5,1671.7000000000000,22.9,11.1,10.7,1.9,0.5
2019,Derrick White\whitede01,24,67,1728.6000000000000,14.8,0.555,3.6,1.3,0.479,0.772,247.9,261.3,67,46.9,663.3000000000000,9.9,3.7,3.9,1,0.7
2019,Okaro White\whiteok01,26,3,6,-4.5,0,0,0,0,,2.1000000000000000,0,0,0,0,0,0.7,0,0,0
2019,Hassan Whiteside\whiteha01,29,72,1677.6000000000000,23.5,0.564,6.3,1.2,0.5710000000000000,0.449,813.6,57.6,43.200000000000000,136.80000000000000,885.6,12.3,11.3,0.8,0.6,1.9
2019,Andrew Wiggins\wiggian01,23,73,2540.4000000000000,12.4,0.493,0.6,-0.6,0.41200000000000000,0.6990000000000000,350.4,182.5,73,51.100000000000000,1321.3000000000000,18.1,4.8,2.5,1,0.7
2019,Alan Williams\willial03,26,5,26,32.9,0.61,0.2,0.1,0.615,0.5,19,3,1,0,18,3.6,3.8,0.6,0.2,0
2019,C.J. Williams\willicj01,28,15,127.5,8.8,0.55,0.1,-0.1,0.486,0,7.5,12,6,0,39,2.6,0.5,0.8,0.4,0
2019,Johnathan Williams\willijo04,23,24,372,15.1,0.599,1,0,0.591,0.563,98.40000000000000,12,7.200000000000000,7.200000000000000,156,6.5,4.1,0.5,0.3,0.3
2019,Kenrich Williams\willike04,24,46,1081,9.7,0.485,1.2,0.5,0.384,0.684,220.80000000000000,82.8,46,18.400000000000000,280.60000000000000,6.1,4.8,1.8,1,0.4
2019,Lou Williams\willilo02,32,75,1995,21.2,0.5540000000000000,5.1,1.2,0.425,0.8760000000000000,225,405,60,7.5,1500,20,3,5.4,0.8,0.1
2019,Marvin Williams\willima02,32,75,2130,12.6,0.5480000000000000,3.8,1.3,0.42200000000000000,0.767,405,90,67.5,60,757.5,10.1,5.4,1.2,0.9,0.8
2019,Robert Williams\williro04,21,32,281.6,18.8,0.703,1.2,0.5,0.706,0.6,80,6.4,9.6,41.6,80,2.5,2.5,0.2,0.3,1.3
2019,Troy Williams\willitr02,24,21,312.90000000000000,10.5,0.531,0.4,0,0.449,0.6,58.8,10.5,10.5,8.4,111.3,5.3,2.8,0.5,0.5,0.4
2019,D.J. Wilson\wilsodj01,22,48,883.2000000000000,10.3,0.515,1.7,0.1,0.414,0.5530000000000000,220.80000000000000,52.800000000000000,19.200000000000000,19.200000000000000,278.4,5.8,4.6,1.1,0.4,0.4
2019,Justise Winslow\winslju01,22,66,1960.2,12.8,0.513,2.7,1,0.433,0.628,356.40000000000000,283.8,72.60000000000000,19.8,831.6,12.6,5.4,4.3,1.1,0.3
2019,Christian Wood\woodch01,23,21,252,21.9,0.607,0.8,-0.1,0.521,0.732,84,8.4,6.3,10.5,172.2,8.2,4,0.4,0.3,0.5
2019,Christian Wood\woodch01,23,13,62.4,17.1,0.585,0.2,-0.1,0.48,0.667,19.5,2.6,0,0,36.4,2.8,1.5,0.2,0,0
2019,Christian Wood\woodch01,23,8,188.8,23.4,0.613,0.6,0,0.5330000000000000,0.7560000000000000,63.2,6.4,7.2,10.4,135.2,16.9,7.9,0.8,0.9,1.3
2019,Delon Wright\wrighde01,26,75,1702.5,15.5,0.523,4.3,1.5,0.434,0.7930000000000000,262.5,247.5,90,30,652.5,8.7,3.5,3.3,1.2,0.4
2019,Delon Wright\wrighde01,26,49,896.7,14.5,0.527,2.3,0.6,0.433,0.8690000000000000,127.4,107.80000000000000,44.1,14.7,338.1,6.9,2.6,2.2,0.9,0.3
2019,Delon Wright\wrighde01,26,26,800.8000000000000,16.6,0.519,2,0.8,0.434,0.742,140.4,137.80000000000000,41.6,15.6,317.2,12.2,5.4,5.3,1.6,0.6
2019,Guerschon Yabusele\yabusgu01,23,41,250.1,12.4,0.542,0.5,0,0.455,0.682,53.300000000000000,16.400000000000000,8.200000000000000,8.200000000000000,94.3,2.3,1.3,0.4,0.2,0.2
2019,Nick Young\youngni01,33,4,37.2,2.3,0.5,0,0,0.33300000000000000,,1.2,2,0,1.2,9.2,2.3,0.3,0.5,0,0.3
2019,Thaddeus Young\youngth01,30,81,2486.7,16.2,0.569,6.9,3.1,0.527,0.644,526.5,202.5,121.5,32.4,1020.6,12.6,6.5,2.5,1.5,0.4
2019,Trae Young\youngtr01,20,81,2502.9,17,0.539,3.3,0.6,0.418,0.8290000000000000,299.7,656.1,72.9,16.2,1547.1000000000000,19.1,3.7,8.1,0.9,0.2
2019,Cody Zeller\zelleco01,26,49,1244.6,17.2,0.611,3.9,1.2,0.551,0.787,333.2,102.9,39.2,39.2,494.9,10.1,6.8,2.1,0.8,0.8
2019,Tyler Zeller\zellety01,29,6,93,17.3,0.607,0.3,0,0.5330000000000000,0.778,24,4.200000000000000,1.2000000000000000,3,46.2,7.7,4,0.7,0.2,0.5
2019,Tyler Zeller\zellety01,29,2,11,1.5,0,0,0,0,,6,1,0,0,0,0,3,0.5,0,0
2019,Tyler Zeller\zellety01,29,4,82,19.4,0.64,0.3,0,0.5710000000000000,0.778,18,3.2,1.2,3.2,46,11.5,4.5,0.8,0.3,0.8
2019,Ante Zizic\zizican01,22,59,1079.7,16.2,0.59,2,-0.3,0.5530000000000000,0.705,318.6,53.1,11.8,23.6,460.2,7.8,5.4,0.9,0.2,0.4
2019,Ivica Zubac\zubaciv01,21,59,1038.4,18.9,0.604,3.2,0.5,0.5590000000000000,0.802,359.9,64.9,11.8,53.1,525.1,8.9,6.1,1.1,0.2,0.9
2019,Ivica Zubac\zubaciv01,21,33,514.8,19.5,0.633,1.8,0.1,0.58,0.8640000000000000,161.70000000000000,26.400000000000000,3.3000000000000000,26.400000000000000,280.5,8.5,4.9,0.8,0.1,0.8
2019,Ivica Zubac\zubaciv01,21,26,525.2000000000000,18.3,0.574,1.4,0.3,0.5380000000000000,0.733,200.20000000000000,39,10.4,23.400000000000000,244.4,9.4,7.7,1.5,0.4,0.9