Year,Player,Age,G,MP,PER,TS%,WS,VORP,PPG,RPG,APG,SPG,BPG,FG%,FT%,TRB,AST,STL,BLK,PTS
0.0,Steven Adams,26,54.666666666666664,2111.5,15.0,0.485,4.1000000000000005,1.0250000000000001,8.5,9.5,1.875,0.375,0.75,0.5166666666666667,0.2608695652173913,519.3333333333333,102.5,20.5,41.0,464.66666666666663
0.0,Bam Adebayo,22,68.33333333333334,2574.7999999999997,20.4,0.619,11.479999999999999,5.739999999999999,13.3,9.8,4.6,1.6,1.4,0.5844155844155844,0.6086956521739131,669.6666666666667,314.3333333333333,109.33333333333334,95.66666666666667,908.8333333333334
0.0,LaMarcus Aldridge,34,68.33333333333334,2632.2,18.8,0.5660000000000001,6.56,1.64,17.4,6.1,2.4,0.7,1.8,0.5109489051094891,0.8157894736842105,416.8333333333333,164.0,47.833333333333336,123.0,1189.0
0.0,Nickeil Alexander-Walker,21,68.33333333333334,1008.5999999999999,5.1,0.387,-2.4599999999999995,-1.64,5.0,2.0,2.4,0.4,0.0,0.2903225806451613,0.8333333333333334,136.66666666666669,164.0,27.333333333333336,0.0,341.6666666666667
0.0,Grayson Allen,24,34.16666666666667,0.0,0.0,0.45899999999999996,0.0,0.0,0.0,0.0,0.0,0.0,0.0,0.3142857142857143,0.8333333333333334,68.33333333333334,54.66666666666667,13.666666666666668,0.0,252.83333333333334
0.0,Jarrett Allen,21,68.33333333333334,2091.0,15.3,0.61,4.1,0.82,8.5,8.6,0.9,0.4,1.6,0.6037735849056604,0.5526315789473685,587.6666666666667,61.5,27.333333333333336,109.33333333333334,580.8333333333334
0.0,Al-Farouq Aminu,29,68.33333333333334,1762.9999999999998,8.8,0.436,2.4599999999999995,0.0,4.5,5.1,1.0,1.0,0.6,0.3111111111111111,0.7333333333333333,348.5,68.33333333333334,68.33333333333334,41.0,307.5
0.0,Kyle Anderson,26,68.33333333333334,1721.9999999999998,14.5,0.565,3.28,0.82,7.2,4.1,2.3,0.7,0.8,0.5185185185185185,0.6363636363636364,280.16666666666663,157.16666666666666,47.833333333333336,54.66666666666667,492.0
0.0,Ryan Anderson,31,13.666666666666666,0.0,0.0,0.35700000000000004,0.0,0.0,0.0,0.0,0.0,0.0,0.0,0.2857142857142857,0.0,47.83333333333333,13.666666666666666,6.833333333333333,0.0,34.166666666666664
0.0,Giannis Antetokounmpo,25,68.33333333333334,2714.2,33.8,0.642,18.04,10.66,29.7,14.3,6.8,1.3,1.6,0.5846994535519126,0.6454545454545455,977.1666666666667,464.6666666666667,88.83333333333334,109.33333333333334,2029.5
0.0,Kostas Antetokounmpo,22,13.666666666666666,0.0,0.0,0.0,0.0,0.0,0.0,0.0,0.0,0.0,0.0,0.0,0.0,6.833333333333333,0.0,0.0,0.0,0.0
0.0,Thanasis Antetokounmpo,27,6.833333333333333,0.0,0.0,0.5,0.0,0.0,0.0,0.0,0.0,0.0,0.0,0.5,0.0,13.666666666666666,6.833333333333333,0.0,0.0,13.666666666666666
0.0,OG Anunoby,22,68.33333333333334,2460.0,16.9,0.669,9.02,4.919999999999999,11.7,5.6,1.8,1.2,1.3,0.5542168674698795,0.6,382.6666666666667,123.0,82.0,88.83333333333334,799.5
0.0,Ryan Arcidiacono,25,75.16666666666666,1230.0,12.5,0.605,3.727272727272727,0.7454545454545455,3.8181818181818183,1.9090909090909092,2.0,0.6363636363636364,0.09090909090909091,0.41379310344827586,0.8461538461538461,143.5,150.33333333333331,47.83333333333333,6.833333333333333,287.0
0.0,Trevor Ariza,34,68.33333333333334,1746.6,8.2,0.545,1.64,0.0,4.6,3.7,0.9,0.9,0.0,0.375,0.8,252.83333333333334,61.5,61.5,0.0,314.3333333333333
0.0,D.J. Augustin,32,68.33333333333334,2074.6,12.9,0.502,4.1,-0.82,9.3,1.6,4.2,0.4,0.0,0.40963855421686746,0.8636363636363636,109.33333333333334,287.00000000000006,27.333333333333336,0.0,635.5000000000001
0.0,Deandre Ayton,21,6.833333333333333,0.0,0.0,0.643,0.0,0.0,0.0,0.0,0.0,0.0,4.0,0.6428571428571429,0.0,75.16666666666666,0.0,6.833333333333333,27.333333333333332,123.0
0.0,Dwayne Bacon,24,68.33333333333334,2074.6,5.1,0.41,-4.1,-3.28,9.9,3.3,1.6,0.8,0.1,0.34234234234234234,0.6818181818181818,225.5,109.33333333333334,54.66666666666667,6.833333333333334,676.5
0.0,Marvin Bagley,20,6.833333333333333,0.0,0.0,0.39399999999999996,0.0,0.0,0.0,0.0,0.0,0.0,1.0,0.375,0.5,68.33333333333333,0.0,6.833333333333333,6.833333333333333,95.66666666666666
0.0,Lonzo Ball,22,54.666666666666664,2378.0,14.6,0.532,3.0749999999999997,1.0250000000000001,11.5,4.5,6.125,1.625,0.125,0.4146341463414634,0.6,246.0,334.8333333333333,88.83333333333333,6.833333333333333,628.6666666666666
0.0,Mo Bamba,21,54.666666666666664,1076.25,11.8,0.41,0.0,-1.0250000000000001,5.0,4.5,0.375,0.375,1.125,0.3617021276595745,0.25,246.0,20.5,20.5,61.5,273.3333333333333
0.0,J.J. Barea,35,6.833333333333333,0.0,0.0,0.799,0.0,0.0,0.0,0.0,0.0,0.0,0.0,0.5,1.0,6.833333333333333,20.5,0.0,0.0,75.16666666666666
0.0,Harrison Barnes,27,68.33333333333334,2755.2,17.4,0.595,7.38,2.4599999999999995,15.6,5.1,1.7,1.3,0.2,0.49122807017543857,0.7435897435897436,348.5,116.16666666666667,88.83333333333334,13.666666666666668,1066.0
0.0,RJ Barrett,19,75.16666666666666,2870.0,11.9,0.462,-0.7454545454545455,-0.7454545454545455,16.0,5.818181818181818,4.090909090909091,1.3636363636363635,0.2727272727272727,0.40993788819875776,0.44776119402985076,437.3333333333333,307.49999999999994,102.49999999999999,20.499999999999996,1202.6666666666665
0.0,Will Barton,29,54.666666666666664,2665.0,18.8,0.564,9.225,3.0749999999999997,15.625,7.875,2.5,1.375,0.75,0.4387755102040816,0.7586206896551724,430.5,136.66666666666666,75.16666666666666,41.0,854.1666666666666
0.0,Nicolas Batum,31,6.833333333333333,0.0,0.0,0.0,0.0,0.0,0.0,0.0,0.0,0.0,0.0,0.0,0.0,27.333333333333332,13.666666666666666,0.0,0.0,0.0
0.0,Aron Baynes,33,68.33333333333334,1992.6,25.9,0.716,12.299999999999999,5.739999999999999,16.2,5.8,3.1,0.3,0.9,0.59,0.7333333333333333,396.3333333333333,211.83333333333334,20.5,61.5,1107.0
0.0,Kent Bazemore,30,75.16666666666666,2012.7272727272725,8.8,0.48700000000000004,0.7454545454545455,0.0,8.272727272727273,4.818181818181818,1.5454545454545454,1.0909090909090908,0.9090909090909091,0.3764705882352941,0.6842105263157895,362.1666666666667,116.16666666666666,81.99999999999999,68.33333333333333,621.8333333333334
0.0,Darius Bazley,19,75.16666666666666,1505.8181818181818,8.2,0.544,1.490909090909091,-0.7454545454545455,5.181818181818182,4.181818181818182,0.7272727272727273,0.2727272727272727,0.2727272727272727,0.4166666666666667,0.6,314.3333333333333,54.666666666666664,20.499999999999996,20.499999999999996,389.5
0.0,Bradley Beal,26,54.666666666666664,2931.5,18.3,0.518,3.0749999999999997,1.0250000000000001,26.125,4.75,6.5,1.125,0.25,0.4044943820224719,0.7962962962962963,259.66666666666663,355.3333333333333,61.5,13.666666666666666,1428.1666666666665
0.0,Malik Beasley,23,61.5,1330.2222222222222,7.2,0.489,0.0,-0.9111111111111111,6.333333333333333,1.4444444444444444,0.7777777777777778,0.6666666666666666,0.1111111111111111,0.3684210526315789,1.0,88.83333333333333,47.833333333333336,41.0,6.833333333333333,389.5
0.0,Marco Belinelli,33,68.33333333333334,1377.6,3.2,0.365,-1.64,-2.4599999999999995,5.0,1.3,1.4,0.3,0.0,0.265625,0.7,88.83333333333334,95.66666666666667,20.5,0.0,341.6666666666667
0.0,Jordan Bell,25,27.333333333333332,0.0,0.0,0.757,0.0,0.0,0.0,0.0,0.0,0.0,0.25,0.6923076923076923,1.0,129.83333333333331,34.166666666666664,0.0,6.833333333333333,157.16666666666666
0.0,DeAndre' Bembry,25,68.33333333333334,2164.7999999999997,12.6,0.535,3.28,0.82,8.2,4.3,3.1,1.4,0.2,0.5373134328358209,0.4090909090909091,293.83333333333337,211.83333333333334,95.66666666666667,13.666666666666668,560.3333333333333
0.0,Dāvis Bertāns,27,54.666666666666664,2255.0,12.8,0.638,4.1000000000000005,1.0250000000000001,12.125,2.875,1.125,0.5,0.375,0.4444444444444444,0.8888888888888888,157.16666666666666,61.5,27.333333333333332,20.5,662.8333333333333
0.0,Patrick Beverley,31,68.33333333333334,2468.2,8.9,0.435,2.4599999999999995,2.4599999999999995,7.1,6.8,3.1,1.6,0.5,0.36,0.6666666666666666,464.6666666666667,211.83333333333334,109.33333333333334,34.16666666666667,485.1666666666667
0.0,Khem Birch,27,27.333333333333332,0.0,0.0,0.235,0.0,0.0,0.0,0.0,0.0,0.0,0.0,0.2,0.25,61.5,6.833333333333333,6.833333333333333,0.0,27.333333333333332
0.0,Goga Bitadze,20,41.0,1489.6666666666665,16.6,0.583,5.466666666666667,2.7333333333333334,6.666666666666667,5.0,1.5,0.0,2.1666666666666665,0.4827586206896552,0.75,205.0,61.5,0.0,88.83333333333333,273.33333333333337
0.0,Bismack Biyombo,27,54.666666666666664,1035.25,18.0,0.634,3.0749999999999997,0.0,6.5,2.625,0.875,0.25,0.5,0.6666666666666666,0.48,143.5,47.83333333333333,13.666666666666666,27.333333333333332,355.3333333333333
0.0,Nemanja Bjelica,31,68.33333333333334,2025.3999999999999,18.8,0.6809999999999999,7.38,3.28,10.2,5.3,2.4,0.9,0.3,0.5405405405405406,1.0,362.1666666666667,164.0,61.5,20.5,697.0
0.0,Eric Bledsoe,30,68.33333333333334,2181.2,19.6,0.552,7.38,2.4599999999999995,16.3,5.7,5.0,0.6,0.3,0.4626865671641791,0.7741935483870968,389.5,341.6666666666667,41.0,20.5,1113.8333333333335
0.0,Bogdan Bogdanović,27,68.33333333333334,2099.2,16.2,0.537,4.1,1.64,13.3,2.6,4.0,1.3,0.1,0.38392857142857145,0.7407407407407407,177.66666666666669,273.33333333333337,88.83333333333334,6.833333333333334,908.8333333333334
0.0,Bojan Bogdanović,30,68.33333333333334,2624.0,16.8,0.599,7.38,2.4599999999999995,19.8,4.2,1.9,0.9,0.4,0.46,0.9142857142857143,287.00000000000006,129.83333333333331,61.5,27.333333333333336,1353.0
0.0,Jonah Bolden,24,13.666666666666666,0.0,0.0,0.532,0.0,0.0,0.0,0.0,0.0,0.0,0.0,1.0,0.0,0.0,0.0,6.833333333333333,0.0,13.666666666666666
0.0,Jordan Bone,22,13.666666666666666,0.0,0.0,0.0,0.0,0.0,0.0,0.0,0.0,0.0,0.0,0.0,0.0,0.0,0.0,0.0,0.0,0.0
0.0,Isaac Bonga,20,47.833333333333336,1745.4285714285713,8.7,0.501,1.1714285714285715,0.0,4.714285714285714,3.857142857142857,1.7142857142857142,1.0,0.14285714285714285,0.4482758620689655,0.6666666666666666,184.5,82.0,47.833333333333336,6.833333333333333,225.50000000000003
0.0,Devin Booker,23,68.33333333333334,2853.6,20.8,0.66,10.66,3.28,25.3,3.3,5.8,0.4,0.4,0.5406976744186046,0.9333333333333333,225.5,396.3333333333333,27.333333333333336,27.333333333333336,1728.8333333333335
0.0,Chris Boucher,27,54.666666666666664,850.75,20.7,0.5379999999999999,3.0749999999999997,2.0500000000000003,4.625,2.625,0.375,0.5,1.375,0.43333333333333335,0.7,143.5,20.5,27.333333333333332,75.16666666666666,252.83333333333331
0.0,Brian Bowen,21,6.833333333333333,0.0,0.0,0.5,0.0,0.0,0.0,0.0,0.0,0.0,0.0,0.5,0.0,0.0,0.0,0.0,0.0,13.666666666666666
0.0,Ky Bowman,22,75.16666666666666,1550.5454545454545,9.7,0.529,-0.7454545454545455,-1.490909090909091,6.636363636363637,1.9090909090909092,2.0,0.7272727272727273,0.0,0.4461538461538462,0.8888888888888888,143.5,150.33333333333331,54.666666666666664,0.0,498.8333333333333
0.0,Avery Bradley,29,61.5,2286.8888888888887,11.5,0.551,5.466666666666666,1.8222222222222222,10.0,3.4444444444444446,1.7777777777777777,1.1111111111111112,0.1111111111111111,0.4936708860759494,0.6666666666666666,211.83333333333334,109.33333333333333,68.33333333333334,6.833333333333333,615.0
0.0,Tony Bradley,22,54.666666666666664,748.25,23.3,0.632,4.1000000000000005,1.0250000000000001,4.625,3.375,0.125,0.25,0.25,0.625,0.5833333333333334,184.5,6.833333333333333,13.666666666666666,13.666666666666666,252.83333333333331
0.0,Jarrell Brantley,23,6.833333333333333,0.0,0.0,0.0,0.0,0.0,0.0,0.0,0.0,0.0,1.0,0.0,0.0,20.5,6.833333333333333,0.0,6.833333333333333,0.0
0.0,Ignas Brazdeikis,21,27.333333333333332,0.0,0.0,0.381,0.0,0.0,0.0,0.0,0.0,0.0,0.25,0.2857142857142857,1.0,0.0,6.833333333333333,0.0,6.833333333333333,41.0
0.0,Mikal Bridges,23,68.33333333333334,1623.6,10.5,0.496,3.28,1.64,4.6,3.6,1.0,1.5,0.4,0.42857142857142855,0.7,246.0,68.33333333333334,102.5,27.333333333333336,314.3333333333333
0.0,Miles Bridges,21,68.33333333333334,2746.9999999999995,10.7,0.562,1.64,0.0,13.0,5.6,2.0,0.2,0.8,0.47706422018348627,0.6,382.6666666666667,136.66666666666669,13.666666666666668,54.66666666666667,888.3333333333334
0.0,Ryan Broekhoff,29,13.666666666666666,0.0,0.0,1.5,0.0,0.0,0.0,0.0,0.0,0.0,0.0,1.0,0.0,0.0,6.833333333333333,0.0,0.0,20.5
0.0,Malcolm Brogdon,27,75.16666666666666,2706.0,23.5,0.58,11.927272727272728,4.472727272727273,20.727272727272727,5.181818181818182,8.545454545454545,1.0909090909090908,0.2727272727272727,0.4685714285714286,0.9795918367346939,389.5,642.3333333333333,81.99999999999999,20.499999999999996,1558.0
0.0,Dillon Brooks,24,68.33333333333334,2222.2,12.5,0.517,2.4599999999999995,0.0,13.5,3.9,2.0,1.0,0.4,0.40336134453781514,0.8846153846153846,266.5,136.66666666666669,68.33333333333334,27.333333333333336,922.5
0.0,Bruce Brown,23,82.0,2241.333333333333,6.8,0.444,-1.3666666666666667,-1.3666666666666667,7.25,4.166666666666667,3.25,0.9166666666666666,0.3333333333333333,0.38372093023255816,0.5925925925925926,341.6666666666667,266.5,75.16666666666666,27.333333333333332,594.5
0.0,Charlie Brown,22,6.833333333333333,0.0,0.0,1.136,0.0,0.0,0.0,0.0,0.0,0.0,0.0,0.0,1.0,6.833333333333333,0.0,0.0,0.0,13.666666666666666
0.0,Jaylen Brown,23,41.0,2569.333333333333,21.5,0.616,10.933333333333334,2.7333333333333334,19.833333333333332,7.166666666666667,2.1666666666666665,0.6666666666666666,0.5,0.5301204819277109,0.7741935483870968,293.83333333333337,88.83333333333333,27.333333333333332,20.5,813.1666666666666
0.0,Moses Brown,20,13.666666666666666,0.0,0.0,0.0,0.0,0.0,0.0,0.0,0.0,0.0,0.0,0.0,0.0,20.5,0.0,0.0,0.0,0.0
0.0,Sterling Brown,24,47.833333333333336,995.7142857142857,17.8,0.616,3.514285714285714,1.1714285714285715,5.571428571428571,4.0,0.5714285714285714,0.5714285714285714,0.14285714285714285,0.5172413793103449,0.6666666666666666,191.33333333333334,27.333333333333332,27.333333333333332,6.833333333333333,266.5
0.0,Troy Brown,20,34.16666666666667,0.0,0.0,0.517,0.0,0.0,0.0,0.0,0.0,0.0,0.2,0.42105263157894735,1.0,177.66666666666669,47.833333333333336,54.66666666666667,6.833333333333334,287.00000000000006
0.0,Jalen Brunson,23,68.33333333333334,1713.8,14.2,0.495,3.28,0.0,8.3,3.4,3.4,0.7,0.0,0.4266666666666667,0.6,232.33333333333334,232.33333333333334,47.833333333333336,0.0,567.1666666666667
0.0,Thomas Bryant,22,54.666666666666664,2470.25,19.9,0.596,7.175,3.0749999999999997,14.75,9.625,2.5,0.75,1.5,0.5227272727272727,0.8,526.1666666666666,136.66666666666666,41.0,82.0,806.3333333333333
0.0,Trey Burke,27,13.666666666666666,0.0,0.0,0.507,0.0,0.0,0.0,0.0,0.0,0.0,0.5,0.4,0.75,41.0,47.83333333333333,13.666666666666666,6.833333333333333,116.16666666666666
0.0,Alec Burks,28,54.666666666666664,2101.25,18.0,0.612,5.125,0.0,14.125,4.125,2.25,0.5,0.625,0.475,0.9285714285714286,225.5,123.0,27.333333333333332,34.166666666666664,772.1666666666666
0.0,Deonte Burton,26,34.16666666666667,0.0,0.0,0.5589999999999999,0.0,0.0,0.0,0.0,0.0,0.0,0.0,0.4117647058823529,0.0,47.833333333333336,6.833333333333334,6.833333333333334,0.0,129.83333333333331
0.0,Jimmy Butler,30,47.833333333333336,2741.142857142857,25.5,0.5670000000000001,16.4,7.028571428571428,19.428571428571427,6.0,6.571428571428571,2.7142857142857144,0.5714285714285714,0.44086021505376344,0.8032786885245902,287.0,314.33333333333337,129.83333333333334,27.333333333333332,929.3333333333334
0.0,Bruno Caboclo,24,47.833333333333336,831.7142857142857,15.2,0.44799999999999995,1.1714285714285715,1.1714285714285715,3.7142857142857144,2.4285714285714284,0.5714285714285714,0.5714285714285714,1.1428571428571428,0.41379310344827586,0.0,116.16666666666667,27.333333333333332,27.333333333333332,54.666666666666664,177.66666666666669
0.0,Kentavious Caldwell-Pope,26,68.33333333333334,1607.1999999999998,5.7,0.426,0.82,-0.82,5.2,1.9,1.4,0.6,0.1,0.3620689655172414,0.7142857142857143,129.83333333333331,95.66666666666667,41.0,6.833333333333334,355.33333333333337
0.0,Vlatko Čančar,22,6.833333333333333,0.0,0.0,0.0,0.0,0.0,0.0,0.0,0.0,0.0,0.0,0.0,0.0,0.0,0.0,0.0,0.0,0.0
0.0,Clint Capela,25,68.33333333333334,2460.0,21.3,0.623,9.02,1.64,13.5,11.7,1.2,1.0,2.2,0.6354166666666666,0.4642857142857143,799.5,82.0,68.33333333333334,150.33333333333334,922.5
0.0,DeMarre Carroll,33,27.333333333333332,0.0,0.0,0.551,0.0,0.0,0.0,0.0,0.0,0.0,0.25,0.4,1.0,61.5,20.5,0.0,6.833333333333333,82.0
0.0,Jevon Carter,24,61.5,1394.0,9.0,0.54,1.8222222222222222,0.9111111111111111,4.888888888888889,2.0,2.111111111111111,1.0,0.3333333333333333,0.38461538461538464,1.0,123.0,129.83333333333334,61.5,20.5,300.6666666666667
0.0,Vince Carter,43,54.666666666666664,1189.0,8.8,0.48100000000000004,1.0250000000000001,-1.0250000000000001,5.125,2.125,0.5,0.5,0.125,0.4,0.8333333333333334,116.16666666666666,27.333333333333332,27.333333333333332,6.833333333333333,280.16666666666663
0.0,Wendell Carter,20,75.16666666666666,2266.181818181818,18.8,0.616,8.200000000000001,0.7454545454545455,13.181818181818182,9.727272727272727,0.7272727272727273,0.2727272727272727,1.0909090909090908,0.5876288659793815,0.6382978723404256,731.1666666666666,54.666666666666664,20.499999999999996,81.99999999999999,990.8333333333333
0.0,Michael Carter-Williams,28,47.833333333333336,1405.7142857142856,12.3,0.39,2.342857142857143,1.1714285714285715,4.714285714285714,4.0,1.7142857142857142,1.1428571428571428,0.7142857142857143,0.2702702702702703,0.8333333333333334,191.33333333333334,82.0,54.666666666666664,34.16666666666667,225.50000000000003
0.0,Alex Caruso,25,61.5,1521.5555555555554,6.7,0.413,0.9111111111111111,0.0,3.7777777777777777,1.6666666666666667,2.2222222222222223,1.1111111111111112,0.5555555555555556,0.358974358974359,0.6,102.5,136.66666666666669,68.33333333333334,34.16666666666667,232.33333333333331
0.0,Willie Cauley-Stein,26,54.666666666666664,1650.25,16.3,0.569,3.0749999999999997,0.0,7.75,6.25,1.125,0.875,1.125,0.5490196078431373,0.75,341.66666666666663,61.5,47.83333333333333,61.5,423.66666666666663
0.0,Tyson Chandler,37,61.5,555.7777777777777,15.6,0.847,1.8222222222222222,0.0,1.7777777777777777,2.2222222222222223,0.2222222222222222,0.3333333333333333,0.2222222222222222,0.8888888888888888,0.0,136.66666666666669,13.666666666666666,20.5,13.666666666666666,109.33333333333333
0.0,Chris Chiozza,24,13.666666666666666,0.0,0.0,0.33299999999999996,0.0,0.0,0.0,0.0,0.0,0.0,1.0,0.2222222222222222,0.0,27.333333333333332,47.83333333333333,13.666666666666666,13.666666666666666,41.0
0.0,Marquese Chriss,22,68.33333333333334,1262.8,17.5,0.605,2.4599999999999995,0.82,6.4,4.4,1.7,0.7,0.5,0.5111111111111111,0.8888888888888888,300.6666666666667,116.16666666666667,47.833333333333336,34.16666666666667,437.33333333333337
0.0,Brandon Clarke,23,61.5,1813.111111111111,22.6,0.66,6.377777777777777,1.8222222222222222,11.777777777777779,6.555555555555555,1.0,0.6666666666666666,1.4444444444444444,0.6,0.9166666666666666,403.16666666666663,61.5,41.0,88.83333333333333,724.3333333333334
0.0,Jordan Clarkson,27,68.33333333333334,1885.9999999999998,20.6,0.5579999999999999,5.739999999999999,1.64,15.2,2.1,2.2,0.9,0.4,0.42857142857142855,0.8974358974358975,143.50000000000003,150.33333333333334,61.5,27.333333333333336,1038.6666666666665
0.0,Nicolas Claxton,20,20.5,0.0,0.0,0.536,0.0,0.0,0.0,0.0,0.0,0.0,0.0,0.5555555555555556,0.4,68.33333333333334,27.333333333333332,6.833333333333333,0.0,82.0
0.0,Chris Clemons,22,27.333333333333332,0.0,0.0,0.638,0.0,0.0,0.0,0.0,0.0,0.0,0.25,0.42857142857142855,1.0,20.5,13.666666666666666,0.0,6.833333333333333,129.83333333333331
0.0,John Collins,22,34.16666666666667,0.0,0.0,0.621,0.0,0.0,0.0,0.0,0.0,0.0,2.0,0.5245901639344263,0.7058823529411765,300.6666666666667,54.66666666666667,34.16666666666667,68.33333333333334,580.8333333333334
0.0,Zach Collins,22,20.5,0.0,0.0,0.624,0.0,0.0,0.0,0.0,0.0,0.0,0.6666666666666666,0.47368421052631576,1.0,82.0,41.0,0.0,13.666666666666666,184.5
0.0,Mike Conley,32,75.16666666666666,2460.0,11.7,0.502,2.981818181818182,0.7454545454545455,14.727272727272727,2.6363636363636362,4.0,0.8181818181818182,0.18181818181818182,0.36879432624113473,0.782608695652174,198.16666666666666,300.66666666666663,61.5,13.666666666666666,1106.9999999999998
0.0,Pat Connaughton,27,54.666666666666664,1342.75,9.9,0.483,2.0500000000000003,0.0,5.125,3.125,1.5,0.25,0.375,0.38095238095238093,1.0,170.83333333333331,82.0,13.666666666666666,20.5,280.16666666666663
0.0,Quinn Cook,26,68.33333333333334,1271.0,10.8,0.49700000000000005,2.4599999999999995,0.0,5.6,1.3,2.3,0.3,0.1,0.41818181818181815,0.6666666666666666,88.83333333333334,157.16666666666666,20.5,6.833333333333334,382.6666666666667
0.0,Tyler Cook,22,27.333333333333332,0.0,0.0,0.75,0.0,0.0,0.0,0.0,0.0,0.0,0.0,0.75,0.0,20.5,0.0,6.833333333333333,0.0,41.0
0.0,Robert Covington,29,68.33333333333334,2156.6,14.4,0.562,4.1,0.82,12.0,5.7,0.9,1.5,1.2,0.41836734693877553,0.95,389.5,61.5,102.5,82.0,820.0
0.0,Torrey Craig,29,68.33333333333334,1320.1999999999998,6.9,0.39299999999999996,1.64,0.0,2.8,3.3,1.2,0.3,0.8,0.30303030303030304,0.6666666666666666,225.5,82.0,20.5,54.66666666666667,191.33333333333334
0.0,Jae Crowder,29,68.33333333333334,2476.3999999999996,11.7,0.53,2.4599999999999995,1.64,10.1,5.6,3.0,1.2,0.5,0.38372093023255816,0.7142857142857143,382.6666666666667,205.0,82.0,34.16666666666667,690.1666666666666
0.0,Jarrett Culver,20,68.33333333333334,1754.8,5.2,0.406,-1.64,-1.64,7.4,2.7,2.1,0.7,0.1,0.34146341463414637,0.38095238095238093,184.50000000000003,143.50000000000003,47.833333333333336,6.833333333333334,505.6666666666667
0.0,Seth Curry,29,68.33333333333334,1623.6,11.4,0.5770000000000001,2.4599999999999995,0.0,7.9,1.2,1.3,0.7,0.2,0.4098360655737705,0.8823529411764706,82.0,88.83333333333334,47.833333333333336,13.666666666666668,539.8333333333334
0.0,Stephen Curry,31,27.333333333333332,0.0,0.0,0.5479999999999999,0.0,0.0,0.0,0.0,0.0,0.0,0.5,0.4090909090909091,1.0,136.66666666666666,177.66666666666666,34.166666666666664,13.666666666666666,553.5
0.0,Troy Daniels,28,61.5,1248.2222222222222,8.6,0.48700000000000004,1.8222222222222222,0.0,5.444444444444445,1.5555555555555556,0.6666666666666666,0.3333333333333333,0.1111111111111111,0.3469387755102041,1.0,95.66666666666667,41.0,20.5,6.833333333333333,334.83333333333337
0.0,Anthony Davis,26,68.33333333333334,2894.6,27.9,0.584,15.579999999999998,6.56,26.3,10.4,3.3,1.3,2.9,0.4869109947643979,0.8846153846153846,710.6666666666667,225.5,88.83333333333334,198.16666666666666,1797.1666666666667
0.0,Ed Davis,30,41.0,997.6666666666666,6.7,0.425,1.3666666666666667,0.0,1.6666666666666667,5.166666666666667,0.16666666666666666,0.16666666666666666,0.5,0.4,0.5,211.83333333333334,6.833333333333333,6.833333333333333,20.5,68.33333333333334
0.0,Terence Davis,22,68.33333333333334,852.8,12.6,0.5760000000000001,2.4599999999999995,0.82,3.2,2.0,1.1,0.5,0.2,0.4230769230769231,1.0,136.66666666666669,75.16666666666667,34.16666666666667,13.666666666666668,218.66666666666669
0.0,Dewayne Dedmon,30,68.33333333333334,1328.3999999999999,6.7,0.43700000000000006,-1.64,-0.82,4.8,4.8,0.5,0.3,0.7,0.3333333333333333,1.0,328.0,34.16666666666667,20.5,47.833333333333336,328.0
0.0,Matthew Dellavedova,29,54.666666666666664,1219.75,5.0,0.377,-1.0250000000000001,-1.0250000000000001,3.125,1.75,1.875,0.5,0.125,0.3225806451612903,0.8,95.66666666666666,102.5,27.333333333333332,6.833333333333333,170.83333333333331
0.0,DeMar DeRozan,30,68.33333333333334,2722.3999999999996,16.8,0.5479999999999999,4.1,0.0,19.4,4.9,4.9,0.9,0.5,0.4934210526315789,0.7719298245614035,334.83333333333337,334.83333333333337,61.5,34.16666666666667,1325.6666666666667
0.0,Cheick Diallo,23,34.16666666666667,0.0,0.0,0.945,0.0,0.0,0.0,0.0,0.0,0.0,0.0,1.0,0.75,6.833333333333334,6.833333333333334,0.0,0.0,61.5
0.0,Hamidou Diallo,21,75.16666666666666,1804.0,13.6,0.528,2.981818181818182,0.0,8.818181818181818,4.0,0.8181818181818182,1.4545454545454546,0.36363636363636365,0.5,0.6111111111111112,300.66666666666663,61.5,109.33333333333333,27.333333333333332,662.8333333333334
0.0,Gorgui Dieng,30,47.833333333333336,995.7142857142857,22.9,0.531,3.514285714285714,1.1714285714285715,6.285714285714286,4.142857142857143,1.1428571428571428,0.8571428571428571,1.0,0.4594594594594595,0.8,198.16666666666669,54.666666666666664,41.0,47.833333333333336,300.6666666666667
0.0,Spencer Dinwiddie,26,68.33333333333334,2066.3999999999996,17.3,0.5539999999999999,4.1,0.0,17.1,2.4,4.7,0.6,0.3,0.4230769230769231,0.8,164.0,321.1666666666667,41.0,20.5,1168.5000000000002
0.0,Donte DiVincenzo,23,47.833333333333336,1136.2857142857142,12.9,0.503,2.342857142857143,1.1714285714285715,5.857142857142857,2.857142857142857,1.0,1.1428571428571428,0.2857142857142857,0.38461538461538464,0.5,136.66666666666669,47.833333333333336,54.666666666666664,13.666666666666666,280.16666666666663
0.0,Luka Dončić,20,68.33333333333334,2853.6,29.8,0.616,14.76,9.02,28.3,10.3,9.1,1.1,0.1,0.4846938775510204,0.8441558441558441,703.8333333333334,621.8333333333333,75.16666666666667,6.833333333333334,1933.8333333333335
0.0,Damyean Dotson,25,47.833333333333336,761.4285714285713,10.0,0.536,0.0,-1.1714285714285715,3.5714285714285716,1.1428571428571428,0.42857142857142855,0.14285714285714285,0.14285714285714285,0.4090909090909091,0.6666666666666666,54.666666666666664,20.5,6.833333333333333,6.833333333333333,170.83333333333334
0.0,Goran Dragić,33,68.33333333333334,2353.3999999999996,18.3,0.626,8.2,2.4599999999999995,16.8,3.4,4.9,0.5,0.3,0.47368421052631576,0.717391304347826,232.33333333333334,334.83333333333337,34.16666666666667,20.5,1148.0000000000002
0.0,Andre Drummond,26,82.0,2829.0,25.1,0.588,9.566666666666666,4.783333333333333,19.916666666666668,16.75,3.0833333333333335,1.75,2.1666666666666665,0.5568181818181818,0.6935483870967742,1373.5,252.83333333333334,143.5,177.66666666666666,1633.1666666666667
0.0,Jared Dudley,34,41.0,492.0,6.9,1.0,1.3666666666666667,0.0,1.0,0.3333333333333333,0.16666666666666666,0.16666666666666666,0.0,0.6666666666666666,0.0,13.666666666666666,6.833333333333333,6.833333333333333,0.0,41.0
0.0,Kris Dunn,25,75.16666666666666,1669.8181818181818,15.3,0.507,4.472727272727273,2.2363636363636363,6.818181818181818,2.727272727272727,2.727272727272727,2.272727272727273,0.2727272727272727,0.4714285714285714,0.6666666666666666,204.99999999999997,204.99999999999997,170.83333333333334,20.499999999999996,512.5
0.0,Carsen Edwards,21,54.666666666666664,881.5,9.8,0.445,1.0250000000000001,0.0,4.0,1.625,0.875,0.25,0.25,0.3125,0.7777777777777778,88.83333333333333,47.83333333333333,13.666666666666666,13.666666666666666,218.66666666666666
0.0,Wayne Ellington,32,54.666666666666664,1404.25,3.6,0.429,-2.0500000000000003,-2.0500000000000003,4.875,1.875,1.125,0.25,0.125,0.3111111111111111,0.0,102.5,61.5,13.666666666666666,6.833333333333333,266.5
0.0,Joel Embiid,25,47.833333333333336,2354.5714285714284,28.2,0.5920000000000001,11.714285714285714,4.685714285714286,23.0,12.428571428571429,3.142857142857143,1.0,1.7142857142857142,0.4636363636363636,0.8305084745762712,594.5000000000001,150.33333333333334,47.833333333333336,82.0,1100.1666666666667
0.0,James Ennis,29,68.33333333333334,1230.0,14.7,0.586,4.1,0.82,5.9,4.1,0.7,0.5,0.1,0.5,0.7368421052631579,280.16666666666663,47.833333333333336,34.16666666666667,6.833333333333334,403.1666666666667
0.0,Drew Eubanks,22,6.833333333333333,0.0,0.0,0.0,0.0,0.0,0.0,0.0,0.0,0.0,0.0,0.0,0.0,20.5,0.0,0.0,0.0,0.0
0.0,Jacob Evans,22,20.5,0.0,0.0,0.654,0.0,0.0,0.0,0.0,0.0,0.0,0.0,0.4166666666666667,1.0,34.16666666666667,13.666666666666666,0.0,0.0,123.0
0.0,Tacko Fall,24,6.833333333333333,0.0,0.0,0.5,0.0,0.0,0.0,0.0,0.0,0.0,0.0,0.5,0.0,20.5,0.0,0.0,0.0,27.333333333333332
0.0,Derrick Favors,28,47.833333333333336,1710.2857142857142,16.8,0.585,3.514285714285714,1.1714285714285715,7.571428571428571,8.0,2.0,0.7142857142857143,0.42857142857142855,0.5909090909090909,0.3333333333333333,382.6666666666667,95.66666666666667,34.16666666666667,20.5,362.1666666666667
0.0,Terrance Ferguson,21,68.33333333333334,1828.6,5.8,0.58,2.4599999999999995,0.0,4.1,1.9,1.0,0.3,0.4,0.4411764705882353,1.0,129.83333333333331,68.33333333333334,20.5,27.333333333333336,280.16666666666663
0.0,Bruno Fernando,21,68.33333333333334,926.5999999999999,15.6,0.611,1.64,0.82,4.5,2.7,0.9,0.3,0.4,0.59375,0.45454545454545453,184.50000000000003,61.5,20.5,27.333333333333336,307.5
0.0,Yogi Ferrell,26,41.0,574.0,19.3,0.631,2.7333333333333334,0.0,3.5,1.0,1.0,0.16666666666666666,0.16666666666666666,0.5,0.8333333333333334,41.0,41.0,6.833333333333333,6.833333333333333,143.5
0.0,Dorian Finney-Smith,26,68.33333333333334,2140.2,10.6,0.545,2.4599999999999995,0.0,7.9,5.5,0.7,0.7,0.2,0.4461538461538462,0.6470588235294118,375.83333333333337,47.833333333333336,47.833333333333336,13.666666666666668,539.8333333333334
0.0,Bryn Forbes,26,68.33333333333334,2246.7999999999997,13.4,0.5589999999999999,4.1,0.0,14.4,3.1,1.4,0.4,0.0,0.4083333333333333,0.9,211.83333333333334,95.66666666666667,27.333333333333336,0.0,984.0
0.0,Evan Fournier,27,68.33333333333334,2312.3999999999996,16.4,0.59,5.739999999999999,1.64,15.5,3.4,3.1,0.6,0.3,0.4666666666666667,0.8846153846153846,232.33333333333334,211.83333333333334,41.0,20.5,1059.1666666666667
0.0,De'Aaron Fox,22,61.5,2624.0,16.2,0.528,2.733333333333333,0.0,18.22222222222222,4.0,7.0,0.7777777777777778,0.5555555555555556,0.4296875,0.7096774193548387,246.0,430.5,47.833333333333336,34.16666666666667,1120.6666666666665
0.0,Melvin Frazier,23,6.833333333333333,0.0,0.0,0.2,0.0,0.0,0.0,0.0,0.0,0.0,0.0,0.2,0.0,6.833333333333333,0.0,0.0,0.0,13.666666666666666
0.0,Tim Frazier,29,54.666666666666664,1189.0,6.8,0.331,-1.0250000000000001,-2.0500000000000003,3.5,1.0,3.625,1.0,0.125,0.21621621621621623,0.75,54.666666666666664,198.16666666666666,54.666666666666664,6.833333333333333,191.33333333333331
0.0,Markelle Fultz,21,68.33333333333334,1926.9999999999998,13.6,0.521,3.28,0.0,9.7,2.0,3.1,1.3,0.2,0.47126436781609193,0.7857142857142857,136.66666666666669,211.83333333333334,88.83333333333334,13.666666666666668,662.8333333333334
0.0,Wenyen Gabriel,22,34.16666666666667,0.0,0.0,0.365,0.0,0.0,0.0,0.0,0.0,0.0,0.2,0.25,0.5714285714285714,41.0,20.5,6.833333333333334,6.833333333333334,75.16666666666667
0.0,Daniel Gafford,21,27.333333333333332,0.0,0.0,0.0,0.0,0.0,0.0,0.0,0.0,0.0,0.0,0.0,0.0,6.833333333333333,0.0,0.0,0.0,0.0
0.0,Danilo Gallinari,31,75.16666666666666,2370.5454545454545,20.3,0.62,9.690909090909091,2.2363636363636363,18.181818181818183,4.909090909090909,1.5454545454545454,0.8181818181818182,0.09090909090909091,0.43478260869565216,0.9245283018867925,369.0,116.16666666666666,61.5,6.833333333333333,1366.6666666666667
0.0,Langston Galloway,28,82.0,2015.8333333333333,15.7,0.608,5.466666666666667,0.6833333333333333,11.583333333333334,2.1666666666666665,1.8333333333333333,0.5833333333333334,0.5,0.41836734693877553,0.918918918918919,177.66666666666666,150.33333333333331,47.833333333333336,41.0,949.8333333333334
0.0,Darius Garland,20,68.33333333333334,2320.6,5.8,0.401,-3.28,-2.4599999999999995,8.6,1.8,3.7,1.1,0.0,0.32673267326732675,0.8571428571428571,123.0,252.83333333333334,75.16666666666667,0.0,587.6666666666667
0.0,Marc Gasol,35,68.33333333333334,2255.0,6.1,0.47600000000000003,1.64,0.0,6.5,6.8,2.3,0.3,0.5,0.3492063492063492,0.8333333333333334,464.6666666666667,157.16666666666666,20.5,34.16666666666667,444.1666666666667
0.0,Rudy Gay,33,68.33333333333334,1861.3999999999999,18.3,0.583,4.919999999999999,1.64,10.8,7.0,2.2,0.3,0.5,0.4819277108433735,0.8181818181818182,478.33333333333337,150.33333333333334,20.5,34.16666666666667,738.0000000000001
0.0,Taj Gibson,34,61.5,1293.7777777777778,14.7,0.5820000000000001,2.733333333333333,0.0,5.444444444444445,3.5555555555555554,1.3333333333333333,0.6666666666666666,0.1111111111111111,0.5641025641025641,0.7142857142857143,218.66666666666666,82.0,41.0,6.833333333333333,334.83333333333337
0.0,Harry Giles,21,13.666666666666666,0.0,0.0,0.51,0.0,0.0,0.0,0.0,0.0,0.0,0.5,0.4,1.0,20.5,0.0,0.0,6.833333333333333,41.0
0.0,Shai Gilgeous-Alexander,21,75.16666666666666,2840.181818181818,17.8,0.552,6.709090909090909,1.490909090909091,20.09090909090909,5.818181818181818,3.090909090909091,0.7272727272727273,0.6363636363636364,0.46368715083798884,0.75,437.3333333333333,232.33333333333331,54.666666666666664,47.83333333333333,1510.1666666666665
0.0,Rudy Gobert,27,75.16666666666666,2832.7272727272725,17.8,0.6779999999999999,12.672727272727272,4.472727272727273,12.818181818181818,13.272727272727273,1.0909090909090908,1.1818181818181819,1.2727272727272727,0.6756756756756757,0.6029411764705882,997.6666666666666,81.99999999999999,88.83333333333333,95.66666666666666,963.5
0.0,Aaron Gordon,24,68.33333333333334,2501.0,15.6,0.5429999999999999,6.56,1.64,13.6,5.5,2.7,0.8,0.5,0.4690265486725664,0.7142857142857143,375.83333333333337,184.50000000000003,54.66666666666667,34.16666666666667,929.3333333333334
0.0,Eric Gordon,31,61.5,2414.4444444444443,3.4,0.42200000000000004,-4.555555555555555,-4.555555555555555,10.88888888888889,1.8888888888888888,0.7777777777777778,0.5555555555555556,0.2222222222222222,0.3090909090909091,0.6428571428571429,116.16666666666666,47.833333333333336,34.16666666666667,13.666666666666666,669.6666666666667
0.0,Devonte' Graham,24,68.33333333333334,2566.6,20.6,0.59,9.02,3.28,17.9,3.6,7.6,0.9,0.1,0.4094488188976378,0.7857142857142857,246.0,519.3333333333333,61.5,6.833333333333334,1223.1666666666665
0.0,Treveon Graham,26,68.33333333333334,2123.7999999999997,9.3,0.45299999999999996,2.4599999999999995,0.0,7.4,3.8,1.8,1.1,0.1,0.3684210526315789,0.9230769230769231,259.66666666666663,123.0,75.16666666666667,6.833333333333334,505.6666666666667
0.0,Jerami Grant,25,68.33333333333334,1795.8,9.8,0.506,1.64,0.0,8.6,2.6,1.1,0.4,0.5,0.42857142857142855,0.6666666666666666,177.66666666666669,75.16666666666667,27.333333333333336,34.16666666666667,587.6666666666667
0.0,Danny Green,32,68.33333333333334,2181.2,10.9,0.578,5.739999999999999,2.4599999999999995,9.2,2.8,1.4,1.3,0.4,0.4342105263157895,0.625,191.33333333333334,95.66666666666667,88.83333333333334,27.333333333333336,628.6666666666666
0.0,Draymond Green,29,41.0,2282.333333333333,13.3,0.478,1.3666666666666667,0.0,8.5,7.666666666666667,5.0,1.1666666666666667,0.0,0.40816326530612246,0.7,314.33333333333337,205.0,47.833333333333336,0.0,348.5
0.0,JaMychal Green,29,68.33333333333334,1787.6,12.8,0.595,4.919999999999999,0.0,9.1,6.3,0.3,0.2,0.3,0.42028985507246375,0.8235294117647058,430.5,20.5,13.666666666666668,20.5,621.8333333333333
0.0,Javonte Green,26,47.833333333333336,574.0,16.4,0.5579999999999999,1.1714285714285715,0.0,3.857142857142857,0.7142857142857143,0.2857142857142857,0.2857142857142857,0.0,0.5454545454545454,0.4,34.16666666666667,13.666666666666666,13.666666666666666,0.0,184.5
0.0,Jeff Green,33,75.16666666666666,1558.0,7.7,0.506,1.490909090909091,0.0,6.818181818181818,2.3636363636363638,0.45454545454545453,0.5454545454545454,0.45454545454545453,0.3582089552238806,0.6875,177.66666666666666,34.166666666666664,40.99999999999999,34.166666666666664,512.5
0.0,Blake Griffin,30,6.833333333333333,0.0,0.0,0.612,0.0,0.0,0.0,0.0,0.0,0.0,0.0,0.5,0.75,47.83333333333333,41.0,0.0,0.0,129.83333333333331
0.0,Marko Guduric,24,68.33333333333334,1484.1999999999998,9.5,0.512,0.0,-0.82,5.6,2.7,2.1,0.3,0.2,0.4230769230769231,1.0,184.50000000000003,143.50000000000003,20.5,13.666666666666668,382.6666666666667
0.0,Rui Hachimura,21,54.666666666666664,2337.0,14.9,0.526,3.0749999999999997,0.0,13.625,6.125,1.5,0.625,0.125,0.49,0.875,334.8333333333333,82.0,34.166666666666664,6.833333333333333,744.8333333333333
0.0,Devon Hall,24,6.833333333333333,0.0,0.0,1.0,0.0,0.0,0.0,0.0,0.0,0.0,0.0,1.0,0.0,0.0,0.0,0.0,0.0,13.666666666666666
0.0,Tim Hardaway,27,68.33333333333334,1885.9999999999998,11.3,0.506,2.4599999999999995,-0.82,11.6,2.3,1.4,0.1,0.1,0.37142857142857144,0.7727272727272727,157.16666666666666,95.66666666666667,6.833333333333334,6.833333333333334,792.6666666666666
0.0,James Harden,30,68.33333333333334,2927.3999999999996,29.5,0.603,13.939999999999998,6.56,37.3,5.4,8.3,1.4,0.7,0.4074074074074074,0.8807947019867549,369.00000000000006,567.1666666666667,95.66666666666667,47.833333333333336,2548.833333333333
0.0,Maurice Harkless,26,68.33333333333334,1746.6,9.3,0.544,3.28,1.64,5.7,2.9,1.0,1.1,0.6,0.5,0.6,198.16666666666666,68.33333333333334,75.16666666666667,41.0,389.5
0.0,Jared Harper,22,6.833333333333333,0.0,0.0,0.0,0.0,0.0,0.0,0.0,0.0,0.0,0.0,0.0,0.0,0.0,0.0,0.0,0.0,0.0
0.0,Montrezl Harrell,26,68.33333333333334,2419.0,26.7,0.6629999999999999,12.299999999999999,4.919999999999999,19.8,7.1,2.2,0.9,1.2,0.6504065040650406,0.6333333333333333,485.1666666666667,150.33333333333334,61.5,82.0,1353.0
0.0,Gary Harris,25,68.33333333333334,2640.3999999999996,9.2,0.484,3.28,0.82,11.0,3.4,1.7,1.4,0.2,0.3925233644859813,0.7333333333333333,232.33333333333334,116.16666666666667,95.66666666666667,13.666666666666668,751.6666666666667
0.0,Joe Harris,28,68.33333333333334,2648.6,12.0,0.644,4.1,0.82,13.4,4.0,1.5,0.7,0.2,0.5,0.6666666666666666,273.33333333333337,102.5,47.833333333333336,13.666666666666668,915.6666666666667
0.0,Tobias Harris,27,68.33333333333334,2853.6,15.5,0.546,7.38,2.4599999999999995,17.3,8.2,3.3,1.2,0.6,0.4755244755244755,0.7714285714285715,560.3333333333333,225.5,82.0,41.0,1182.1666666666667
0.0,Shaquille Harrison,26,41.0,314.3333333333333,7.9,0.36700000000000005,0.0,0.0,1.6666666666666667,1.1666666666666667,0.3333333333333333,0.0,0.16666666666666666,0.2727272727272727,0.6666666666666666,47.833333333333336,13.666666666666666,0.0,6.833333333333333,68.33333333333334
0.0,Josh Hart,24,68.33333333333334,2271.3999999999996,15.5,0.614,4.919999999999999,1.64,12.6,6.6,1.4,1.4,0.4,0.46236559139784944,0.8181818181818182,451.0,95.66666666666667,95.66666666666667,27.333333333333336,861.0
0.0,Udonis Haslem,39,6.833333333333333,0.0,0.0,1.0,0.0,0.0,0.0,0.0,0.0,0.0,0.0,1.0,0.0,13.666666666666666,0.0,0.0,0.0,13.666666666666666
0.0,Jaxson Hayes,19,47.833333333333336,1148.0,18.2,0.665,3.514285714285714,1.1714285714285715,6.571428571428571,3.142857142857143,0.7142857142857143,0.5714285714285714,0.5714285714285714,0.6785714285714286,0.5333333333333333,150.33333333333334,34.16666666666667,27.333333333333332,27.333333333333332,314.33333333333337
0.0,Gordon Hayward,29,54.666666666666664,2552.25,22.6,0.638,11.275,4.1000000000000005,18.875,7.125,4.125,0.75,0.25,0.5545454545454546,0.8421052631578947,389.5,225.5,41.0,13.666666666666666,1031.8333333333333
0.0,John Henson,29,6.833333333333333,0.0,0.0,0.32299999999999995,0.0,0.0,0.0,0.0,0.0,0.0,2.0,0.5,0.16666666666666666,20.5,0.0,13.666666666666666,13.666666666666666,20.5
0.0,Juan Hernangómez,24,20.5,0.0,0.0,0.3,0.0,0.0,0.0,0.0,0.0,0.0,0.3333333333333333,0.2,0.0,6.833333333333333,0.0,0.0,6.833333333333333,20.5
0.0,Willy Hernangómez,25,20.5,0.0,0.0,0.55,0.0,0.0,0.0,0.0,0.0,0.0,0.6666666666666666,0.5,0.0,41.0,6.833333333333333,6.833333333333333,13.666666666666666,75.16666666666666
0.0,Tyler Herro,20,61.5,2396.222222222222,11.8,0.5429999999999999,4.555555555555555,0.0,13.11111111111111,4.777777777777778,2.2222222222222223,0.8888888888888888,0.0,0.41836734693877553,0.8333333333333334,293.8333333333333,136.66666666666669,54.666666666666664,0.0,806.3333333333333
0.0,Mario Hezonja,24,75.16666666666666,1886.0,6.5,0.40700000000000003,0.0,-0.7454545454545455,5.090909090909091,5.818181818181818,1.1818181818181819,0.9090909090909091,0.18181818181818182,0.3125,0.8181818181818182,437.3333333333333,88.83333333333333,68.33333333333333,13.666666666666666,382.66666666666663
0.0,Buddy Hield,27,68.33333333333334,2533.7999999999997,12.6,0.5329999999999999,0.0,-1.64,18.3,4.3,1.5,0.6,0.5,0.4121212121212121,0.8666666666666667,293.83333333333337,102.5,41.0,34.16666666666667,1250.5000000000002
0.0,George Hill,33,68.33333333333334,1877.7999999999997,19.7,0.687,9.839999999999998,3.28,10.1,3.1,2.9,0.9,0.1,0.5606060606060606,0.7058823529411765,211.83333333333334,198.16666666666666,61.5,6.833333333333334,690.1666666666666
0.0,Solomon Hill,28,54.666666666666664,1373.5,12.8,0.606,2.0500000000000003,0.0,6.25,2.875,1.375,0.875,0.125,0.4722222222222222,0.5833333333333334,157.16666666666666,75.16666666666666,47.83333333333333,6.833333333333333,341.66666666666663
0.0,Jaylen Hoard,20,6.833333333333333,0.0,0.0,0.0,0.0,0.0,0.0,0.0,0.0,0.0,0.0,0.0,0.0,6.833333333333333,0.0,0.0,0.0,0.0
0.0,Aaron Holiday,23,61.5,1703.7777777777776,12.4,0.511,3.6444444444444444,0.9111111111111111,7.777777777777778,2.2222222222222223,2.6666666666666665,1.0,0.1111111111111111,0.38461538461538464,0.875,136.66666666666669,164.0,61.5,6.833333333333333,478.3333333333333
0.0,Jrue Holiday,29,54.666666666666664,2870.0,12.6,0.44299999999999995,1.0250000000000001,0.0,14.625,5.375,7.25,1.875,0.75,0.36363636363636365,0.76,293.8333333333333,396.3333333333333,102.5,41.0,799.5
0.0,Justin Holiday,30,75.16666666666666,1930.7272727272725,8.7,0.47600000000000003,2.981818181818182,0.7454545454545455,6.0,3.909090909090909,1.2727272727272727,0.6363636363636364,0.8181818181818182,0.34375,0.75,293.83333333333337,95.66666666666666,47.83333333333333,61.5,451.0
0.0,Rondae Hollis-Jefferson,25,20.5,0.0,0.0,0.509,0.0,0.0,0.0,0.0,0.0,0.0,0.3333333333333333,0.47058823529411764,0.6666666666666666,82.0,20.5,20.5,6.833333333333333,136.66666666666669
0.0,Richaun Holmes,26,68.33333333333334,2107.3999999999996,19.1,0.664,7.38,2.4599999999999995,10.1,7.3,0.9,0.7,1.4,0.6521739130434783,0.6875,498.8333333333333,61.5,47.833333333333336,95.66666666666667,690.1666666666666
0.0,Rodney Hood,27,61.5,2396.222222222222,11.9,0.612,4.555555555555555,0.9111111111111111,10.555555555555555,3.888888888888889,0.5555555555555556,0.8888888888888888,0.4444444444444444,0.4788732394366197,0.8,239.16666666666666,34.16666666666667,54.666666666666664,27.333333333333332,649.1666666666666
0.0,Al Horford,33,61.5,2578.4444444444443,19.3,0.53,10.022222222222222,4.555555555555555,15.88888888888889,7.444444444444445,4.0,1.1111111111111112,1.1111111111111112,0.4603174603174603,0.65,457.83333333333337,246.0,68.33333333333334,68.33333333333334,977.1666666666667
0.0,Danuel House,26,68.33333333333334,2394.3999999999996,14.6,0.6609999999999999,5.739999999999999,1.64,11.8,4.9,0.7,1.2,1.0,0.475,0.8095238095238095,334.83333333333337,47.833333333333336,82.0,68.33333333333334,806.3333333333334
0.0,Dwight Howard,34,68.33333333333334,1672.8,18.7,0.72,8.2,3.28,7.0,7.6,1.0,0.5,1.6,0.7619047619047619,0.4,519.3333333333333,68.33333333333334,34.16666666666667,109.33333333333334,478.33333333333337
0.0,Kevin Huerter,21,68.33333333333334,1844.9999999999998,13.0,0.57,3.28,0.82,9.3,3.5,2.8,0.6,0.3,0.4266666666666667,0.8,239.16666666666669,191.33333333333334,41.0,20.5,635.5000000000001
0.0,De'Andre Hunter,22,68.33333333333334,2443.6,6.8,0.47700000000000004,0.0,-1.64,9.2,4.5,1.5,0.4,0.3,0.375,0.7368421052631579,307.5,102.5,27.333333333333336,20.5,628.6666666666666
0.0,Chandler Hutchison,23,27.333333333333332,0.0,0.0,0.604,0.0,0.0,0.0,0.0,0.0,0.0,0.5,0.5454545454545454,0.5,95.66666666666666,13.666666666666666,13.666666666666666,13.666666666666666,232.33333333333331
0.0,Serge Ibaka,30,54.666666666666664,1875.75,18.3,0.595,4.1000000000000005,0.0,14.0,6.5,0.75,0.625,1.25,0.5238095238095238,0.8260869565217391,355.3333333333333,41.0,34.166666666666664,68.33333333333333,765.3333333333333
0.0,Ersan İlyasova,32,68.33333333333334,1377.6,12.6,0.524,3.28,0.82,6.0,5.3,0.5,0.5,0.5,0.40384615384615385,0.8333333333333334,362.1666666666667,34.16666666666667,34.16666666666667,34.16666666666667,410.0
0.0,Joe Ingles,32,75.16666666666666,2310.909090909091,7.9,0.474,3.727272727272727,1.490909090909091,6.909090909090909,4.0,3.5454545454545454,0.7272727272727273,0.18181818181818182,0.33783783783783783,0.8571428571428571,300.66666666666663,266.5,54.666666666666664,13.666666666666666,519.3333333333333
0.0,Brandon Ingram,22,61.5,2633.111111111111,24.4,0.633,8.2,2.733333333333333,25.88888888888889,7.333333333333333,3.888888888888889,0.7777777777777778,0.8888888888888888,0.5370370370370371,0.72,451.0,239.16666666666666,47.833333333333336,54.666666666666664,1592.1666666666667
0.0,Kyrie Irving,27,68.33333333333334,2763.3999999999996,27.5,0.5720000000000001,13.12,4.919999999999999,29.7,5.3,7.0,1.1,0.6,0.4482758620689655,0.9365079365079365,362.1666666666667,478.33333333333337,75.16666666666667,41.0,2029.5
0.0,Jonathan Isaac,22,68.33333333333334,2476.3999999999996,19.2,0.61,9.02,4.919999999999999,12.1,6.7,1.6,1.4,3.0,0.4888888888888889,0.9047619047619048,457.83333333333337,109.33333333333334,95.66666666666667,205.0,826.8333333333334
0.0,Wesley Iwundu,25,20.5,0.0,0.0,0.157,0.0,0.0,0.0,0.0,0.0,0.0,0.0,0.09090909090909091,0.5,54.666666666666664,6.833333333333333,0.0,0.0,27.333333333333332
0.0,Frank Jackson,21,68.33333333333334,1484.1999999999998,11.1,0.522,0.0,-1.64,10.0,1.1,1.5,0.8,0.1,0.41379310344827586,0.8,75.16666666666667,102.5,54.66666666666667,6.833333333333334,683.3333333333334
0.0,Jaren Jackson,20,61.5,2168.4444444444443,13.2,0.561,0.9111111111111111,0.0,14.11111111111111,5.111111111111111,1.5555555555555556,0.4444444444444444,1.1111111111111112,0.47572815533980584,0.782608695652174,314.3333333333333,95.66666666666667,27.333333333333332,68.33333333333334,867.8333333333333
0.0,Justin Jackson,24,68.33333333333334,1098.8,15.2,0.635,2.4599999999999995,0.0,6.4,2.5,0.3,0.1,0.0,0.5,0.8,170.83333333333334,20.5,6.833333333333334,0.0,437.33333333333337
0.0,Reggie Jackson,29,13.666666666666666,0.0,0.0,0.43700000000000006,0.0,0.0,0.0,0.0,0.0,0.0,0.0,0.36363636363636365,1.0,34.166666666666664,54.666666666666664,0.0,0.0,68.33333333333333
0.0,Justin James,23,20.5,0.0,0.0,0.4,0.0,0.0,0.0,0.0,0.0,0.0,0.3333333333333333,0.42857142857142855,0.25,13.666666666666666,6.833333333333333,6.833333333333333,6.833333333333333,47.833333333333336
0.0,LeBron James,35,68.33333333333334,2894.6,26.4,0.552,14.76,8.2,24.0,8.2,11.0,1.1,0.6,0.47058823529411764,0.6956521739130435,560.3333333333333,751.6666666666667,75.16666666666667,41.0,1640.0
0.0,Amile Jefferson,26,13.666666666666666,0.0,0.0,1.0,0.0,0.0,0.0,0.0,0.0,0.0,0.0,1.0,0.0,20.5,13.666666666666666,0.0,0.0,41.0
0.0,Alize Johnson,23,20.5,0.0,0.0,0.563,0.0,0.0,0.0,0.0,0.0,0.0,0.0,0.5,1.0,41.0,6.833333333333333,0.0,0.0,34.16666666666667
0.0,Cameron Johnson,23,54.666666666666664,1322.25,13.2,0.606,3.0749999999999997,1.0250000000000001,7.375,2.75,0.625,0.375,0.25,0.45652173913043476,0.8333333333333334,150.33333333333331,34.166666666666664,20.5,13.666666666666666,403.16666666666663
0.0,James Johnson,32,27.333333333333332,0.0,0.0,0.5329999999999999,0.0,0.0,0.0,0.0,0.0,0.0,0.5,0.47058823529411764,0.5,68.33333333333333,27.333333333333332,20.5,13.666666666666666,136.66666666666666
0.0,Stanley Johnson,23,27.333333333333332,0.0,0.0,0.41700000000000004,0.0,0.0,0.0,0.0,0.0,0.0,0.0,0.3333333333333333,0.0,27.333333333333332,0.0,6.833333333333333,0.0,34.166666666666664
0.0,Tyler Johnson,27,68.33333333333334,1516.9999999999998,10.0,0.5529999999999999,1.64,0.0,7.9,1.3,1.7,0.2,0.1,0.43283582089552236,0.8,88.83333333333334,116.16666666666667,13.666666666666668,6.833333333333334,539.8333333333334
0.0,Nikola Jokić,24,68.33333333333334,2558.3999999999996,20.4,0.509,8.2,4.919999999999999,17.0,9.0,6.1,1.4,0.7,0.4370860927152318,0.75,615.0,416.8333333333333,95.66666666666667,47.833333333333336,1161.6666666666667
0.0,Damian Jones,24,61.5,1202.6666666666665,15.2,0.695,3.6444444444444444,0.9111111111111111,4.888888888888889,2.6666666666666665,0.5555555555555556,0.4444444444444444,0.5555555555555556,0.6896551724137931,0.5,164.0,34.16666666666667,27.333333333333332,34.16666666666667,300.6666666666667
0.0,Derrick Jones,22,27.333333333333332,0.0,0.0,0.657,0.0,0.0,0.0,0.0,0.0,0.0,0.0,0.6,1.0,54.666666666666664,13.666666666666666,20.5,0.0,191.33333333333331
0.0,Tyus Jones,23,68.33333333333334,1812.1999999999998,13.0,0.48100000000000004,0.82,-1.64,8.3,1.3,5.2,1.2,0.0,0.4230769230769231,0.6842105263157895,88.83333333333334,355.33333333333337,82.0,0.0,567.1666666666667
0.0,DeAndre Jordan,31,61.5,1840.4444444444443,20.2,0.645,6.377777777777777,1.8222222222222222,8.222222222222221,10.444444444444445,2.0,0.5555555555555556,1.2222222222222223,0.6530612244897959,0.5263157894736842,642.3333333333334,123.0,34.16666666666667,75.16666666666667,505.66666666666663
0.0,Cory Joseph,28,68.33333333333334,1582.6,9.7,0.484,0.82,-0.82,6.1,2.3,2.3,0.4,0.6,0.4067796610169492,1.0,157.16666666666666,157.16666666666666,27.333333333333336,41.0,416.8333333333333
0.0,Mfiondu Kabengele,22,20.5,0.0,0.0,0.75,0.0,0.0,0.0,0.0,0.0,0.0,0.3333333333333333,0.5,0.0,6.833333333333333,0.0,0.0,6.833333333333333,20.5
0.0,Frank Kaminsky,26,68.33333333333334,1984.3999999999999,10.7,0.491,2.4599999999999995,0.0,9.8,6.0,2.4,0.3,0.4,0.3855421686746988,0.7105263157894737,410.0,164.0,20.5,27.333333333333336,669.6666666666667
0.0,Enes Kanter,27,13.666666666666666,0.0,0.0,0.579,0.0,0.0,0.0,0.0,0.0,0.0,0.0,0.6666666666666666,0.2857142857142857,61.5,13.666666666666666,0.0,0.0,95.66666666666666
0.0,Luke Kennard,23,82.0,2760.6666666666665,17.7,0.615,7.516666666666667,1.3666666666666667,18.916666666666668,3.75,4.166666666666667,0.4166666666666667,0.0,0.4539877300613497,0.8775510204081632,307.5,341.6666666666667,34.16666666666667,0.0,1551.1666666666667
0.0,Stanton Kidd,27,27.333333333333332,0.0,0.0,0.0,0.0,0.0,0.0,0.0,0.0,0.0,0.0,0.0,0.0,20.5,6.833333333333333,0.0,0.0,0.0
0.0,Michael Kidd-Gilchrist,26,6.833333333333333,0.0,0.0,0.35700000000000004,0.0,0.0,0.0,0.0,0.0,0.0,0.0,0.2857142857142857,0.0,27.333333333333332,0.0,0.0,0.0,34.166666666666664
0.0,Maxi Kleber,28,61.5,2259.5555555555557,15.0,0.617,6.377777777777777,1.8222222222222222,10.222222222222221,6.555555555555555,1.2222222222222223,0.2222222222222222,1.1111111111111112,0.45588235294117646,0.8666666666666667,403.16666666666663,75.16666666666667,13.666666666666666,68.33333333333334,628.6666666666666
0.0,Brandon Knight,28,20.5,0.0,0.0,0.504,0.0,0.0,0.0,0.0,0.0,0.0,0.0,0.3333333333333333,0.5,20.5,47.833333333333336,6.833333333333333,0.0,109.33333333333333
0.0,Kevin Knox,20,75.16666666666666,1938.181818181818,14.1,0.565,3.727272727272727,0.0,10.272727272727273,3.3636363636363638,1.5454545454545454,0.7272727272727273,0.2727272727272727,0.4186046511627907,0.65625,252.83333333333334,116.16666666666666,54.666666666666664,20.499999999999996,772.1666666666666
0.0,John Konchar,23,6.833333333333333,0.0,0.0,0.0,0.0,0.0,0.0,0.0,0.0,0.0,0.0,0.0,0.0,0.0,0.0,0.0,0.0,0.0
0.0,Furkan Korkmaz,22,68.33333333333334,1828.6,12.0,0.634,4.1,0.82,9.8,2.5,0.9,0.1,0.4,0.4722222222222222,0.75,170.83333333333334,61.5,6.833333333333334,27.333333333333336,669.6666666666667
0.0,Luke Kornet,24,68.33333333333334,951.1999999999999,9.8,0.442,0.82,0.0,4.0,1.9,0.6,0.1,0.7,0.3488372093023256,1.0,129.83333333333331,41.0,6.833333333333334,47.833333333333336,273.33333333333337
0.0,Kyle Korver,38,54.666666666666664,1301.75,11.8,0.649,2.0500000000000003,0.0,7.5,1.75,0.125,0.25,0.125,0.45454545454545453,0.6,95.66666666666666,6.833333333333333,13.666666666666666,6.833333333333333,410.0
0.0,Rodions Kurucs,21,54.666666666666664,943.0,1.0,0.46,-2.0500000000000003,-2.0500000000000003,2.375,2.5,0.125,0.5,0.0,0.3888888888888889,0.3333333333333333,136.66666666666666,6.833333333333333,27.333333333333332,0.0,129.83333333333331
0.0,Kyle Kuzma,24,41.0,1790.3333333333333,10.1,0.513,0.0,-2.7333333333333334,12.333333333333334,4.0,0.3333333333333333,0.16666666666666666,0.16666666666666666,0.43478260869565216,0.7142857142857143,164.0,13.666666666666666,6.833333333333333,6.833333333333333,505.6666666666667
0.0,Skal Labissière,23,75.16666666666666,1185.2727272727273,15.0,0.568,2.2363636363636363,0.7454545454545455,5.2727272727272725,4.0,0.7272727272727273,0.18181818181818182,1.0,0.5454545454545454,0.625,300.66666666666663,54.666666666666664,13.666666666666666,75.16666666666666,396.3333333333333
0.0,Jeremy Lamb,27,34.16666666666667,0.0,0.0,0.5529999999999999,0.0,0.0,0.0,0.0,0.0,0.0,0.8,0.45588235294117646,0.85,218.66666666666669,75.16666666666667,47.833333333333336,27.333333333333336,580.8333333333334
0.0,Romeo Langford,20,6.833333333333333,0.0,0.0,0.0,0.0,0.0,0.0,0.0,0.0,0.0,0.0,0.0,0.0,0.0,0.0,0.0,0.0,0.0
0.0,Zach LaVine,24,75.16666666666666,2624.0,16.4,0.5329999999999999,2.981818181818182,1.490909090909091,20.0,4.181818181818182,4.181818181818182,1.2727272727272727,0.5454545454545454,0.4308510638297872,0.7619047619047619,314.3333333333333,314.3333333333333,95.66666666666666,40.99999999999999,1503.3333333333333
0.0,Jake Layman,25,68.33333333333334,2148.3999999999996,9.2,0.505,0.82,-0.82,10.0,2.8,0.7,0.9,0.8,0.4166666666666667,0.7142857142857143,191.33333333333334,47.833333333333336,61.5,54.66666666666667,683.3333333333334
0.0,T.J. Leaf,22,61.5,1020.4444444444443,11.2,0.429,1.8222222222222222,0.0,3.888888888888889,3.7777777777777777,0.4444444444444444,0.4444444444444444,0.3333333333333333,0.38461538461538464,0.75,232.33333333333331,27.333333333333332,27.333333333333332,20.5,239.16666666666666
0.0,Courtney Lee,34,20.5,0.0,0.0,0.444,0.0,0.0,0.0,0.0,0.0,0.0,0.0,0.4444444444444444,0.0,6.833333333333333,0.0,0.0,0.0,54.666666666666664
0.0,Damion Lee,27,75.16666666666666,1796.5454545454545,13.1,0.521,0.7454545454545455,-0.7454545454545455,10.0,3.909090909090909,1.8181818181818181,0.7272727272727273,0.0,0.38461538461538464,0.8484848484848485,293.83333333333337,136.66666666666666,54.666666666666664,0.0,751.6666666666666
0.0,Alex Len,26,68.33333333333334,1459.6,11.0,0.461,0.82,0.0,5.3,4.7,0.9,0.3,1.5,0.4,0.5882352941176471,321.1666666666667,61.5,20.5,102.5,362.1666666666667
0.0,Kawhi Leonard,28,54.666666666666664,2572.75,28.2,0.5479999999999999,11.275,7.175,26.875,8.5,5.875,2.25,1.0,0.4437869822485207,0.8709677419354839,464.66666666666663,321.16666666666663,123.0,54.666666666666664,1469.1666666666665
0.0,Meyers Leonard,27,68.33333333333334,1607.1999999999998,12.9,0.7290000000000001,4.919999999999999,1.64,7.3,4.0,0.8,0.5,0.6,0.6170212765957447,0.5714285714285714,273.33333333333337,54.66666666666667,34.16666666666667,41.0,498.8333333333333
0.0,Caris LeVert,25,61.5,2587.5555555555557,11.3,0.491,-0.9111111111111111,-2.733333333333333,16.77777777777778,5.0,4.0,0.6666666666666666,0.1111111111111111,0.42142857142857143,0.6451612903225806,307.5,246.0,41.0,6.833333333333333,1031.8333333333335
0.0,Damian Lillard,29,75.16666666666666,3160.7272727272725,30.7,0.654,19.381818181818183,8.945454545454545,32.45454545454545,5.090909090909091,6.636363636363637,1.3636363636363635,0.5454545454545454,0.4978540772532189,0.9120879120879121,382.66666666666663,498.8333333333333,102.49999999999999,40.99999999999999,2439.4999999999995
0.0,Nassir Little,19,27.333333333333332,0.0,0.0,0.405,0.0,0.0,0.0,0.0,0.0,0.0,0.25,0.3333333333333333,1.0,34.166666666666664,0.0,6.833333333333333,6.833333333333333,54.666666666666664
0.0,Kevon Looney,23,6.833333333333333,0.0,0.0,0.375,0.0,0.0,0.0,0.0,0.0,0.0,0.0,0.25,0.0,61.5,6.833333333333333,0.0,0.0,20.5
0.0,Brook Lopez,31,68.33333333333334,2238.6,12.4,0.53,4.919999999999999,2.4599999999999995,10.3,4.3,1.6,0.6,2.2,0.38636363636363635,0.9047619047619048,293.83333333333337,109.33333333333334,41.0,150.33333333333334,703.8333333333334
0.0,Robin Lopez,31,68.33333333333334,1189.0,5.1,0.47700000000000004,0.0,-0.82,3.8,2.1,0.6,0.2,0.5,0.42857142857142855,0.45454545454545453,143.50000000000003,41.0,13.666666666666668,34.16666666666667,259.66666666666663
0.0,Kevin Love,31,68.33333333333334,2689.6,21.3,0.626,9.839999999999998,4.1,18.5,12.9,3.4,0.7,0.5,0.4583333333333333,0.873015873015873,881.5,232.33333333333334,47.833333333333336,34.16666666666667,1264.1666666666667
0.0,Kyle Lowry,33,54.666666666666664,2962.25,20.1,0.662,12.299999999999999,5.125,21.75,4.25,6.5,1.125,0.375,0.4778761061946903,0.8809523809523809,232.33333333333331,355.3333333333333,61.5,20.5,1189.0
0.0,Trey Lyles,24,68.33333333333334,1648.1999999999998,13.7,0.606,4.1,0.82,5.1,7.7,1.2,0.1,0.3,0.5128205128205128,0.5714285714285714,526.1666666666667,82.0,6.833333333333334,20.5,348.5
0.0,Daryl Macon,24,13.666666666666666,0.0,0.0,1.5,0.0,0.0,0.0,0.0,0.0,0.0,0.0,1.0,0.0,0.0,0.0,0.0,0.0,20.5
0.0,Josh Magette,30,6.833333333333333,0.0,0.0,0.5,0.0,0.0,0.0,0.0,0.0,0.0,0.0,0.5,0.0,6.833333333333333,6.833333333333333,6.833333333333333,0.0,27.333333333333332
0.0,Thon Maker,22,82.0,1189.0,10.2,0.593,1.3666666666666667,0.0,3.8333333333333335,2.25,0.4166666666666667,0.3333333333333333,0.9166666666666666,0.5,0.6,184.5,34.16666666666667,27.333333333333332,75.16666666666666,314.33333333333337
0.0,Terance Mann,23,41.0,218.66666666666666,17.2,0.667,1.3666666666666667,0.0,0.6666666666666666,0.8333333333333334,0.8333333333333334,0.16666666666666666,0.0,0.6666666666666666,0.0,34.16666666666667,34.16666666666667,6.833333333333333,0.0,27.333333333333332
0.0,Boban Marjanović,31,27.333333333333332,0.0,0.0,0.526,0.0,0.0,0.0,0.0,0.0,0.0,0.25,0.5,0.75,136.66666666666666,20.5,6.833333333333333,6.833333333333333,170.83333333333331
0.0,Lauri Markkanen,22,75.16666666666666,2482.363636363636,14.1,0.524,3.727272727272727,0.0,14.727272727272727,7.454545454545454,2.090909090909091,1.0,0.5454545454545454,0.38636363636363635,0.8235294117647058,560.3333333333333,157.16666666666666,75.16666666666666,40.99999999999999,1106.9999999999998
0.0,Caleb Martin,24,20.5,0.0,0.0,0.242,0.0,0.0,0.0,0.0,0.0,0.0,0.6666666666666666,0.2222222222222222,0.3333333333333333,27.333333333333332,20.5,6.833333333333333,13.666666666666666,34.16666666666667
0.0,Cody Martin,24,61.5,1038.6666666666665,12.7,0.54,2.733333333333333,0.9111111111111111,3.2222222222222223,2.5555555555555554,1.0,0.8888888888888888,0.1111111111111111,0.45454545454545453,0.7272727272727273,157.16666666666666,61.5,54.666666666666664,6.833333333333333,198.16666666666669
0.0,Kelan Martin,24,6.833333333333333,0.0,0.0,0.0,0.0,0.0,0.0,0.0,0.0,0.0,0.0,0.0,0.0,6.833333333333333,0.0,0.0,0.0,0.0
0.0,Garrison Mathews,23,13.666666666666666,0.0,0.0,0.0,0.0,0.0,0.0,0.0,0.0,0.0,0.0,0.0,0.0,6.833333333333333,13.666666666666666,0.0,0.0,0.0
0.0,Wesley Matthews,33,68.33333333333334,1984.3999999999999,8.4,0.5579999999999999,3.28,0.82,6.4,1.9,1.0,0.9,0.1,0.42857142857142855,0.6666666666666666,129.83333333333331,68.33333333333334,61.5,6.833333333333334,437.33333333333337
0.0,Patrick McCaw,24,13.666666666666666,0.0,0.0,0.68,0.0,0.0,0.0,0.0,0.0,0.0,0.0,0.6,0.5,41.0,20.5,20.5,0.0,54.666666666666664
0.0,CJ McCollum,28,75.16666666666666,3078.7272727272725,11.6,0.469,-0.7454545454545455,-2.2363636363636363,20.181818181818183,4.2727272727272725,3.0,0.7272727272727273,0.5454545454545454,0.40358744394618834,0.8064516129032258,321.16666666666663,225.5,54.666666666666664,40.99999999999999,1517.0
0.0,T.J. McConnell,27,75.16666666666666,1394.0,16.8,0.502,3.727272727272727,0.7454545454545455,6.181818181818182,3.090909090909091,4.454545454545454,0.5454545454545454,0.2727272727272727,0.48484848484848486,1.0,232.33333333333331,334.8333333333333,40.99999999999999,20.499999999999996,464.66666666666663
0.0,Jalen McDaniels,22,6.833333333333333,0.0,0.0,0.5,0.0,0.0,0.0,0.0,0.0,0.0,0.0,0.5,0.0,6.833333333333333,0.0,0.0,0.0,13.666666666666666
0.0,Doug McDermott,28,75.16666666666666,1692.181818181818,10.6,0.55,2.2363636363636363,0.0,8.909090909090908,2.6363636363636362,1.4545454545454546,0.18181818181818182,0.09090909090909091,0.43023255813953487,0.8571428571428571,198.16666666666666,109.33333333333333,13.666666666666666,6.833333333333333,669.6666666666666
0.0,JaVale McGee,32,68.33333333333334,1271.0,19.4,0.654,4.919999999999999,1.64,6.8,4.7,0.9,0.3,1.0,0.6666666666666666,0.4444444444444444,321.1666666666667,61.5,20.5,68.33333333333334,464.6666666666667
0.0,Rodney McGruder,28,41.0,956.6666666666666,-2.2,0.111,-1.3666666666666667,-1.3666666666666667,0.3333333333333333,1.6666666666666667,0.3333333333333333,0.16666666666666666,0.16666666666666666,0.1111111111111111,0.0,68.33333333333334,13.666666666666666,6.833333333333333,6.833333333333333,13.666666666666666
0.0,Alfonzo McKinnie,27,34.16666666666667,0.0,0.0,1.5,0.0,0.0,0.0,0.0,0.0,0.0,0.0,1.0,0.0,27.333333333333336,0.0,0.0,0.0,20.5
0.0,Jordan McLaughlin,23,27.333333333333332,0.0,0.0,0.34600000000000003,0.0,0.0,0.0,0.0,0.0,0.0,0.0,0.26666666666666666,1.0,47.83333333333333,54.666666666666664,6.833333333333333,0.0,75.16666666666666
0.0,Ben McLemore,26,68.33333333333334,1271.0,7.7,0.512,0.82,-0.82,5.1,0.6,0.8,0.5,0.1,0.3333333333333333,0.7272727272727273,41.0,54.66666666666667,34.16666666666667,6.833333333333334,348.5
0.0,Jordan McRae,28,20.5,0.0,0.0,0.547,0.0,0.0,0.0,0.0,0.0,0.0,0.0,0.45454545454545453,1.0,54.666666666666664,27.333333333333332,0.0,0.0,88.83333333333333
0.0,Nicolò Melli,29,54.666666666666664,1035.25,10.6,0.607,0.0,-1.0250000000000001,5.375,2.25,0.875,0.125,0.25,0.4838709677419355,0.8,123.0,47.83333333333333,6.833333333333333,13.666666666666666,293.8333333333333
0.0,De'Anthony Melton,21,27.333333333333332,0.0,0.0,0.34600000000000003,0.0,0.0,0.0,0.0,0.0,0.0,0.0,0.3333333333333333,0.0,27.333333333333332,34.166666666666664,27.333333333333332,0.0,75.16666666666666
0.0,Chimezie Metu,22,20.5,0.0,0.0,0.39399999999999996,0.0,0.0,0.0,0.0,0.0,0.0,0.6666666666666666,0.375,0.5,54.666666666666664,13.666666666666666,0.0,13.666666666666666,47.833333333333336
0.0,Khris Middleton,28,68.33333333333334,2525.6,17.0,0.599,7.38,1.64,18.5,5.7,2.9,0.8,0.1,0.4676258992805755,0.8857142857142857,389.5,198.16666666666666,54.66666666666667,6.833333333333334,1264.1666666666667
0.0,C.J. Miles,32,20.5,0.0,0.0,0.479,0.0,0.0,0.0,0.0,0.0,0.0,1.0,0.34615384615384615,1.0,61.5,27.333333333333332,0.0,20.5,184.5
0.0,Malcolm Miller,26,13.666666666666666,0.0,0.0,0.0,0.0,0.0,0.0,0.0,0.0,0.0,0.0,0.0,0.0,27.333333333333332,0.0,0.0,0.0,0.0
0.0,Patty Mills,31,68.33333333333334,1713.8,18.1,0.664,5.739999999999999,1.64,12.2,1.6,1.7,0.9,0.0,0.5060240963855421,0.8,109.33333333333334,116.16666666666667,61.5,0.0,833.6666666666666
0.0,Paul Millsap,34,68.33333333333334,2205.7999999999997,18.1,0.608,9.02,2.4599999999999995,12.8,6.1,1.3,0.6,0.8,0.449438202247191,0.9459459459459459,416.8333333333333,88.83333333333334,41.0,54.66666666666667,874.6666666666667
0.0,Shake Milton,23,20.5,0.0,0.0,0.69,0.0,0.0,0.0,0.0,0.0,0.0,0.0,0.5,0.75,13.666666666666666,20.5,0.0,0.0,129.83333333333331
0.0,Donovan Mitchell,23,75.16666666666666,2847.6363636363635,23.3,0.5710000000000001,11.927272727272728,5.218181818181818,25.09090909090909,5.181818181818182,4.090909090909091,1.5454545454545454,0.09090909090909091,0.48372093023255813,0.7868852459016393,389.5,307.49999999999994,116.16666666666666,6.833333333333333,1885.9999999999998
0.0,Naz Mitrou-Long,26,6.833333333333333,0.0,0.0,0.0,0.0,0.0,0.0,0.0,0.0,0.0,1.0,0.0,0.0,0.0,6.833333333333333,0.0,6.833333333333333,0.0
0.0,Malik Monk,21,68.33333333333334,1590.8,9.6,0.555,0.0,-0.82,8.1,2.2,2.1,0.3,0.2,0.463768115942029,0.7777777777777778,150.33333333333334,143.50000000000003,20.5,13.666666666666668,553.5
0.0,E'Twaun Moore,30,34.16666666666667,0.0,0.0,0.51,0.0,0.0,0.0,0.0,0.0,0.0,0.0,0.4444444444444444,0.8,82.0,34.16666666666667,13.666666666666668,0.0,266.5
0.0,Ja Morant,20,61.5,2223.111111111111,16.1,0.532,0.0,-0.9111111111111111,17.77777777777778,3.5555555555555554,5.222222222222222,1.0,0.2222222222222222,0.4621212121212121,0.7380952380952381,218.66666666666666,321.1666666666667,61.5,13.666666666666666,1093.3333333333335
0.0,Marcus Morris,30,75.16666666666666,2795.4545454545455,14.7,0.5579999999999999,3.727272727272727,-0.7454545454545455,18.454545454545453,6.0,1.1818181818181819,1.0909090909090908,0.7272727272727273,0.41025641025641024,0.8135593220338984,451.0,88.83333333333333,81.99999999999999,54.666666666666664,1387.1666666666665
0.0,Markieff Morris,30,82.0,2145.6666666666665,11.0,0.579,0.6833333333333333,-0.6833333333333333,11.916666666666666,3.8333333333333335,1.9166666666666667,0.75,0.08333333333333333,0.4642857142857143,0.7307692307692307,314.33333333333337,157.16666666666669,61.5,6.833333333333333,977.1666666666666
0.0,Monte Morris,24,68.33333333333334,1459.6,13.6,0.466,2.4599999999999995,-0.82,6.8,1.5,3.4,0.3,0.2,0.4057971014492754,0.8888888888888888,102.5,232.33333333333334,20.5,13.666666666666668,464.6666666666667
0.0,Johnathan Motley,24,13.666666666666666,0.0,0.0,0.5,0.0,0.0,0.0,0.0,0.0,0.0,0.0,0.3333333333333333,0.0,13.666666666666666,13.666666666666666,0.0,0.0,20.5
0.0,Emmanuel Mudiay,23,54.666666666666664,1465.75,17.5,0.5720000000000001,4.1000000000000005,1.0250000000000001,10.0,2.625,3.0,0.5,0.375,0.5,0.8333333333333334,143.5,164.0,27.333333333333332,20.5,546.6666666666666
0.0,Dejounte Murray,23,61.5,1867.7777777777776,19.9,0.5329999999999999,3.6444444444444444,2.733333333333333,10.88888888888889,7.666666666666667,5.111111111111111,1.5555555555555556,0.5555555555555556,0.475,0.7407407407407407,471.5,314.3333333333333,95.66666666666667,34.16666666666667,669.6666666666667
0.0,Jamal Murray,22,68.33333333333334,2755.2,16.8,0.54,6.56,2.4599999999999995,18.7,4.8,4.6,1.0,0.4,0.445859872611465,0.8648648648648649,328.0,314.3333333333333,68.33333333333334,27.333333333333336,1277.8333333333335
0.0,Džanan Musa,20,34.16666666666667,0.0,0.0,0.5820000000000001,0.0,0.0,0.0,0.0,0.0,0.0,0.0,0.5,1.0,47.833333333333336,6.833333333333334,0.0,0.0,157.16666666666666
0.0,Mike Muscala,28,68.33333333333334,983.9999999999999,6.4,0.41,0.0,0.0,3.5,2.4,1.2,0.1,0.3,0.275,0.8333333333333334,164.0,82.0,6.833333333333334,20.5,239.16666666666669
0.0,Sviatoslav Mykhailiuk,22,47.833333333333336,1089.4285714285713,7.5,0.649,0.0,-1.1714285714285715,4.428571428571429,1.2857142857142858,1.1428571428571428,0.0,0.14285714285714285,0.43478260869565216,1.0,61.50000000000001,54.666666666666664,0.0,6.833333333333333,211.83333333333334
0.0,Abdel Nader,26,34.16666666666667,0.0,0.0,0.414,0.0,0.0,0.0,0.0,0.0,0.0,0.2,0.3,0.75,68.33333333333334,20.5,0.0,6.833333333333334,123.0
0.0,Larry Nance,27,68.33333333333334,2008.9999999999998,16.2,0.609,5.739999999999999,2.4599999999999995,9.0,6.9,1.2,1.0,0.4,0.5,0.7777777777777778,471.50000000000006,82.0,68.33333333333334,27.333333333333336,615.0
0.0,Shabazz Napier,28,41.0,1817.6666666666665,12.8,0.47,1.3666666666666667,0.0,7.833333333333333,2.5,4.5,1.5,0.5,0.3023255813953488,0.875,102.5,184.5,61.5,20.5,321.16666666666663
0.0,Raul Neto,27,61.5,1184.4444444444443,12.2,0.5920000000000001,1.8222222222222222,0.0,5.0,1.2222222222222223,2.2222222222222223,0.5555555555555556,0.1111111111111111,0.5263157894736842,0.0,75.16666666666667,136.66666666666669,34.16666666666667,6.833333333333333,307.5
0.0,Georges Niang,26,61.5,747.1111111111111,6.9,0.624,1.8222222222222222,0.0,3.0,1.0,0.4444444444444444,0.0,0.0,0.47368421052631576,0.8333333333333334,61.5,27.333333333333332,0.0,0.0,184.5
0.0,Nerlens Noel,25,75.16666666666666,1446.181818181818,20.4,0.685,5.963636363636364,2.981818181818182,6.909090909090909,3.909090909090909,1.7272727272727273,0.8181818181818182,1.7272727272727273,0.6458333333333334,0.8235294117647058,293.83333333333337,129.83333333333331,61.5,129.83333333333331,519.3333333333333
0.0,Zach Norvell,22,13.666666666666666,0.0,0.0,0.0,0.0,0.0,0.0,0.0,0.0,0.0,0.0,0.0,0.0,6.833333333333333,0.0,0.0,0.0,0.0
0.0,Jaylen Nowell,20,6.833333333333333,0.0,0.0,0.0,0.0,0.0,0.0,0.0,0.0,0.0,0.0,0.0,0.0,0.0,0.0,0.0,0.0,0.0
0.0,Frank Ntilikina,21,68.33333333333334,2025.3999999999999,9.3,0.45,0.82,0.0,5.1,2.5,2.9,1.5,0.9,0.37037037037037035,0.5,170.83333333333334,198.16666666666666,102.5,61.5,348.5
0.0,Kendrick Nunn,24,68.33333333333334,2394.3999999999996,14.5,0.551,4.1,0.82,16.9,2.3,2.8,1.6,0.3,0.4482758620689655,0.8421052631578947,157.16666666666666,191.33333333333334,109.33333333333334,20.5,1154.8333333333333
0.0,David Nwaba,27,47.833333333333336,995.7142857142857,8.0,0.639,1.1714285714285715,0.0,2.2857142857142856,2.5714285714285716,0.42857142857142855,0.2857142857142857,0.8571428571428571,0.5555555555555556,0.625,123.00000000000001,20.5,13.666666666666666,41.0,109.33333333333333
0.0,Royce O'Neale,26,75.16666666666666,2296.0,9.4,0.7140000000000001,6.709090909090909,2.981818181818182,6.181818181818182,4.2727272727272725,2.090909090909091,0.6363636363636364,0.36363636363636365,0.5555555555555556,1.0,321.16666666666663,157.16666666666666,47.83333333333333,27.333333333333332,464.66666666666663
0.0,Kyle O'Quinn,29,61.5,774.4444444444445,16.5,0.594,1.8222222222222222,0.9111111111111111,3.7777777777777777,3.2222222222222223,1.0,0.2222222222222222,0.4444444444444444,0.5384615384615384,0.3333333333333333,198.16666666666669,61.5,13.666666666666666,27.333333333333332,232.33333333333331
0.0,Semi Ojeleye,25,61.5,765.3333333333333,1.2,0.34299999999999997,0.0,-0.9111111111111111,0.7777777777777778,1.0,0.2222222222222222,0.1111111111111111,0.0,0.25,0.6,61.5,13.666666666666666,6.833333333333333,0.0,47.833333333333336
0.0,Jahlil Okafor,24,61.5,1448.6666666666665,20.7,0.6709999999999999,4.555555555555555,0.9111111111111111,9.88888888888889,4.888888888888889,1.2222222222222223,0.4444444444444444,1.1111111111111112,0.6481481481481481,0.6785714285714286,300.6666666666667,75.16666666666667,27.333333333333332,68.33333333333334,608.1666666666667
0.0,Elie Okobo,22,34.16666666666667,0.0,0.0,0.628,0.0,0.0,0.0,0.0,0.0,0.0,0.0,0.5714285714285714,0.5,13.666666666666668,27.333333333333336,6.833333333333334,0.0,75.16666666666667
0.0,Josh Okogie,21,68.33333333333334,2025.3999999999999,13.1,0.5489999999999999,4.1,0.82,8.8,5.3,2.0,1.4,0.3,0.4444444444444444,0.6666666666666666,362.1666666666667,136.66666666666669,95.66666666666667,20.5,601.3333333333334
0.0,KZ Okpala,20,13.666666666666666,0.0,0.0,0.0,0.0,0.0,0.0,0.0,0.0,0.0,0.0,0.0,0.0,6.833333333333333,0.0,0.0,0.0,0.0
0.0,Kelly Olynyk,28,68.33333333333334,1836.7999999999997,10.0,0.512,3.28,1.64,7.6,4.9,2.0,1.0,0.5,0.36764705882352944,0.7857142857142857,334.83333333333337,136.66666666666669,68.33333333333334,34.16666666666667,519.3333333333333
0.0,Miye Oni,22,6.833333333333333,0.0,0.0,0.0,0.0,0.0,0.0,0.0,0.0,0.0,0.0,0.0,0.0,0.0,0.0,0.0,0.0,0.0
0.0,Cedi Osman,24,68.33333333333334,2509.2,9.2,0.532,3.28,1.64,8.8,2.8,2.2,1.1,0.2,0.4125,0.6666666666666666,191.33333333333334,150.33333333333334,75.16666666666667,13.666666666666668,601.3333333333334
0.0,Kelly Oubre,24,68.33333333333334,2386.2,15.8,0.5760000000000001,6.56,1.64,15.6,5.3,1.5,0.9,0.8,0.4700854700854701,0.7857142857142857,362.1666666666667,102.5,61.5,54.66666666666667,1066.0
0.0,Jabari Parker,24,68.33333333333334,2246.7999999999997,21.2,0.61,6.56,1.64,17.8,6.0,1.6,0.8,0.7,0.5522388059701493,0.7037037037037037,410.0,109.33333333333334,54.66666666666667,47.833333333333336,1216.3333333333335
0.0,Eric Paschall,23,68.33333333333334,2492.7999999999997,16.9,0.621,4.919999999999999,0.0,15.6,4.4,1.4,0.6,0.4,0.5277777777777778,0.9,300.6666666666667,95.66666666666667,41.0,27.333333333333336,1066.0
0.0,Patrick Patterson,30,68.33333333333334,1713.8,8.4,0.493,2.4599999999999995,0.82,5.5,3.9,1.2,0.2,0.1,0.35185185185185186,0.5,266.5,82.0,13.666666666666668,6.833333333333334,375.83333333333337
0.0,Justin Patton,22,6.833333333333333,0.0,0.0,0.0,0.0,0.0,0.0,0.0,0.0,0.0,0.0,0.0,0.0,13.666666666666666,0.0,0.0,0.0,0.0
0.0,Chris Paul,34,75.16666666666666,2415.272727272727,18.9,0.595,8.200000000000001,2.2363636363636363,15.272727272727273,3.727272727272727,5.454545454545454,1.8181818181818181,0.0,0.45,0.8333333333333334,280.16666666666663,409.99999999999994,136.66666666666666,0.0,1148.0
0.0,Elfrid Payton,25,27.333333333333332,0.0,0.0,0.506,0.0,0.0,0.0,0.0,0.0,0.0,0.0,0.3793103448275862,0.8333333333333334,82.0,102.5,68.33333333333333,0.0,218.66666666666666
0.0,Theo Pinson,24,13.666666666666666,0.0,0.0,0.41,0.0,0.0,0.0,0.0,0.0,0.0,0.0,0.25,1.0,13.666666666666666,20.5,6.833333333333333,0.0,27.333333333333332
0.0,Mason Plumlee,29,68.33333333333334,1344.8,18.5,0.5870000000000001,4.919999999999999,2.4599999999999995,5.8,5.6,2.4,0.7,0.7,0.5789473684210527,0.5384615384615384,382.6666666666667,164.0,47.833333333333336,47.833333333333336,396.3333333333333
0.0,Vincent Poirier,26,27.333333333333332,0.0,0.0,0.28600000000000003,0.0,0.0,0.0,0.0,0.0,0.0,0.25,0.2857142857142857,0.0,27.333333333333332,0.0,6.833333333333333,6.833333333333333,27.333333333333332
0.0,Jakob Pöltl,24,68.33333333333334,1205.3999999999999,14.4,0.517,2.4599999999999995,0.82,3.8,4.7,1.4,0.3,0.7,0.4838709677419355,0.6153846153846154,321.1666666666667,95.66666666666667,20.5,47.833333333333336,259.66666666666663
0.0,Jordan Poole,20,75.16666666666666,2243.8181818181815,5.0,0.419,-4.472727272727273,-3.727272727272727,9.636363636363637,2.272727272727273,2.1818181818181817,0.8181818181818182,0.2727272727272727,0.28448275862068967,0.9583333333333334,170.83333333333334,163.99999999999997,61.5,20.499999999999996,724.3333333333334
0.0,Kevin Porter,19,61.5,1530.6666666666665,7.1,0.457,0.0,-0.9111111111111111,6.111111111111111,2.5555555555555554,1.0,0.3333333333333333,0.4444444444444444,0.35185185185185186,1.0,157.16666666666666,61.5,20.5,27.333333333333332,375.8333333333333
0.0,Michael Porter,21,41.0,751.6666666666666,18.6,0.632,2.7333333333333334,0.0,5.166666666666667,2.3333333333333335,0.16666666666666666,0.0,0.0,0.5714285714285714,0.625,95.66666666666667,6.833333333333333,0.0,0.0,211.83333333333334
0.0,Otto Porter,26,61.5,2059.111111111111,14.0,0.544,4.555555555555555,0.9111111111111111,11.222222222222221,3.4444444444444446,1.5555555555555556,1.0,0.3333333333333333,0.4166666666666667,0.75,211.83333333333334,95.66666666666667,61.5,20.5,690.1666666666666
0.0,Bobby Portis,24,75.16666666666666,1953.090909090909,13.7,0.439,1.490909090909091,-0.7454545454545455,9.181818181818182,7.7272727272727275,1.4545454545454546,0.8181818181818182,0.36363636363636365,0.3761467889908257,0.7142857142857143,580.8333333333333,109.33333333333333,61.5,27.333333333333332,690.1666666666666
0.0,Kristaps Porziņģis,24,61.5,2578.4444444444443,15.4,0.504,2.733333333333333,-0.9111111111111111,18.333333333333332,7.888888888888889,1.6666666666666667,0.2222222222222222,2.4444444444444446,0.4013605442176871,0.6842105263157895,485.1666666666667,102.5,13.666666666666666,150.33333333333334,1127.5
0.0,Dwight Powell,28,47.833333333333336,2178.8571428571427,14.0,0.638,4.685714285714286,1.1714285714285715,9.0,5.428571428571429,1.1428571428571428,0.7142857142857143,0.42857142857142855,0.6341463414634146,0.5263157894736842,259.6666666666667,54.666666666666664,34.16666666666667,20.5,430.5
0.0,Norman Powell,26,68.33333333333334,2107.3999999999996,10.7,0.5589999999999999,3.28,0.82,9.9,4.0,1.4,0.7,0.3,0.4358974358974359,0.8333333333333334,273.33333333333337,95.66666666666667,47.833333333333336,20.5,676.5
0.0,Julius Randle,25,75.16666666666666,2765.6363636363635,12.6,0.488,-0.7454545454545455,-0.7454545454545455,15.636363636363637,9.636363636363637,3.8181818181818183,0.8181818181818182,0.18181818181818182,0.423841059602649,0.631578947368421,724.3333333333334,287.0,61.5,13.666666666666666,1175.3333333333335
0.0,Cam Reddish,20,68.33333333333334,1926.9999999999998,2.5,0.335,-4.1,-2.4599999999999995,5.5,3.7,1.8,1.1,0.2,0.25,0.7857142857142857,252.83333333333334,123.0,75.16666666666667,13.666666666666668,375.83333333333337
0.0,J.J. Redick,35,68.33333333333334,2041.7999999999997,11.1,0.604,0.82,-0.82,12.1,1.9,1.4,0.4,0.5,0.4065934065934066,0.8095238095238095,129.83333333333331,95.66666666666667,27.333333333333336,34.16666666666667,826.8333333333334
0.0,Josh Richardson,26,68.33333333333334,2787.9999999999995,11.1,0.508,3.28,0.82,13.7,3.5,4.3,1.5,0.7,0.4065040650406504,0.8888888888888888,239.16666666666669,293.83333333333337,102.5,47.833333333333336,936.1666666666666
0.0,Austin Rivers,27,68.33333333333334,1656.3999999999999,9.2,0.575,2.4599999999999995,-0.82,6.9,2.3,1.4,0.0,0.0,0.44642857142857145,0.4444444444444444,157.16666666666666,95.66666666666667,0.0,0.0,471.50000000000006
0.0,Duncan Robinson,25,68.33333333333334,1853.1999999999998,10.1,0.602,4.1,0.82,9.0,2.6,0.6,0.3,0.6,0.4383561643835616,1.0,177.66666666666669,41.0,20.5,41.0,615.0
0.0,Glenn Robinson,26,75.16666666666666,2542.0,13.2,0.5670000000000001,2.981818181818182,0.0,10.636363636363637,5.7272727272727275,1.5454545454545454,0.9090909090909091,0.18181818181818182,0.4845360824742268,0.8571428571428571,430.5,116.16666666666666,68.33333333333333,13.666666666666666,799.5
0.0,Jerome Robinson,22,34.16666666666667,0.0,0.0,0.43799999999999994,0.0,0.0,0.0,0.0,0.0,0.0,0.0,0.375,0.0,34.16666666666667,27.333333333333336,6.833333333333334,0.0,95.66666666666667
0.0,Justin Robinson,22,20.5,0.0,0.0,0.5,0.0,0.0,0.0,0.0,0.0,0.0,0.0,0.4,0.0,20.5,13.666666666666666,0.0,0.0,34.16666666666667
0.0,Mitchell Robinson,21,47.833333333333336,1440.8571428571427,30.5,0.735,8.2,3.514285714285714,9.571428571428571,6.0,0.5714285714285714,0.7142857142857143,1.8571428571428572,0.717948717948718,0.7333333333333333,287.0,27.333333333333332,34.16666666666667,88.83333333333334,457.83333333333337
0.0,Rajon Rondo,33,6.833333333333333,0.0,0.0,0.41700000000000004,0.0,0.0,0.0,0.0,0.0,0.0,0.0,0.3333333333333333,0.0,41.0,47.83333333333333,0.0,0.0,34.166666666666664
0.0,Derrick Rose,31,47.833333333333336,1991.4285714285713,25.2,0.575,4.685714285714286,1.1714285714285715,18.714285714285715,1.7142857142857142,6.142857142857143,1.1428571428571428,0.5714285714285714,0.5196078431372549,0.8888888888888888,82.0,293.83333333333337,54.666666666666664,27.333333333333332,895.1666666666667
0.0,Terrence Ross,28,54.666666666666664,1783.5,7.1,0.428,-1.0250000000000001,-1.0250000000000001,8.75,3.125,1.25,0.875,0.25,0.3246753246753247,0.9090909090909091,170.83333333333331,68.33333333333333,47.83333333333333,13.666666666666666,478.3333333333333
0.0,Terry Rozier,25,68.33333333333334,2566.6,11.8,0.505,0.82,-0.82,15.2,3.8,5.1,1.0,0.3,0.3851851851851852,0.8285714285714286,259.66666666666663,348.5,68.33333333333334,20.5,1038.6666666666665
0.0,Ricky Rubio,29,61.5,2669.5555555555557,18.5,0.541,10.022222222222222,3.6444444444444444,14.444444444444445,6.444444444444445,8.777777777777779,1.5555555555555556,0.0,0.42452830188679247,0.875,396.33333333333337,539.8333333333334,95.66666666666667,0.0,888.3333333333334
0.0,D'Angelo Russell,23,54.666666666666664,2654.75,24.3,0.569,6.1499999999999995,3.0749999999999997,26.25,4.0,6.5,0.75,0.375,0.45121951219512196,0.7446808510638298,218.66666666666666,355.3333333333333,41.0,20.5,1435.0
0.0,Domantas Sabonis,23,61.5,2860.8888888888887,22.6,0.5710000000000001,11.844444444444445,3.6444444444444444,19.77777777777778,13.333333333333334,3.888888888888889,0.6666666666666666,0.7777777777777778,0.5177304964539007,0.8529411764705882,820.0,239.16666666666666,41.0,47.833333333333336,1216.3333333333335
0.0,JaKarr Sampson,26,47.833333333333336,1663.4285714285713,11.3,0.574,3.514285714285714,0.0,6.571428571428571,3.0,0.2857142857142857,0.7142857142857143,0.7142857142857143,0.5675675675675675,0.2857142857142857,143.5,13.666666666666666,34.16666666666667,34.16666666666667,314.33333333333337
0.0,Dario Šarić,25,68.33333333333334,2287.7999999999997,12.1,0.539,4.1,1.64,10.1,6.0,2.2,1.2,0.2,0.42045454545454547,0.7692307692307693,410.0,150.33333333333334,82.0,13.666666666666668,690.1666666666666
0.0,Tomáš Satoranský,28,75.16666666666666,2117.090909090909,14.2,0.5870000000000001,4.472727272727273,0.7454545454545455,8.545454545454545,2.727272727272727,5.181818181818182,1.1818181818181819,0.18181818181818182,0.4657534246575342,0.875,204.99999999999997,389.5,88.83333333333333,13.666666666666666,642.3333333333333
0.0,Admiral Schofield,22,34.16666666666667,0.0,0.0,0.935,0.0,0.0,0.0,0.0,0.0,0.0,0.0,0.7,1.0,54.66666666666667,6.833333333333334,0.0,0.0,150.33333333333334
0.0,Dennis Schröder,26,75.16666666666666,2363.090909090909,13.7,0.514,2.2363636363636363,0.7454545454545455,14.181818181818182,4.909090909090909,4.454545454545454,1.1818181818181819,0.2727272727272727,0.427536231884058,0.7741935483870968,369.0,334.8333333333333,88.83333333333333,20.499999999999996,1066.0
0.0,Mike Scott,31,68.33333333333334,1451.3999999999999,12.7,0.608,4.1,0.0,7.2,3.7,0.5,0.3,0.0,0.49122807017543857,1.0,252.83333333333334,34.16666666666667,20.5,0.0,492.0
0.0,Thabo Sefolosha,35,54.666666666666664,881.5,9.8,0.42100000000000004,1.0250000000000001,0.0,2.0,3.0,1.25,0.25,0.375,0.3157894736842105,0.0,164.0,68.33333333333333,13.666666666666666,20.5,109.33333333333333
0.0,Collin Sexton,21,68.33333333333334,2558.3999999999996,15.2,0.539,4.1,0.0,18.7,3.1,2.3,0.6,0.1,0.4430379746835443,0.8,211.83333333333334,157.16666666666666,41.0,6.833333333333334,1277.8333333333335
0.0,Landry Shamet,22,68.33333333333334,2410.7999999999997,6.6,0.5589999999999999,3.28,0.82,9.1,1.5,1.7,0.4,0.1,0.38961038961038963,1.0,102.5,116.16666666666667,27.333333333333336,6.833333333333334,621.8333333333333
0.0,Pascal Siakam,25,68.33333333333334,2968.3999999999996,21.4,0.5820000000000001,10.66,4.1,26.3,9.5,3.9,0.7,0.5,0.48514851485148514,0.8518518518518519,649.1666666666667,266.5,47.833333333333336,34.16666666666667,1797.1666666666667
0.0,Chris Silva,23,68.33333333333334,639.5999999999999,20.8,0.743,3.28,1.64,3.2,3.0,0.6,0.3,0.9,0.6666666666666666,1.0,205.0,41.0,20.5,61.5,218.66666666666669
0.0,Ben Simmons,23,54.666666666666664,2644.5,16.6,0.5329999999999999,6.1499999999999995,3.0749999999999997,13.375,5.375,6.75,2.875,0.625,0.5227272727272727,0.5357142857142857,293.8333333333333,369.0,157.16666666666666,34.166666666666664,731.1666666666666
0.0,Anfernee Simons,20,75.16666666666666,1729.4545454545453,14.9,0.58,2.981818181818182,0.0,11.272727272727273,1.9090909090909092,1.1818181818181819,0.7272727272727273,0.18181818181818182,0.46464646464646464,0.7777777777777778,143.5,88.83333333333333,54.666666666666664,13.666666666666666,847.3333333333334
0.0,Marcus Smart,25,61.5,2523.777777777778,14.5,0.5539999999999999,8.2,2.733333333333333,11.11111111111111,3.2222222222222223,4.666666666666667,1.2222222222222223,0.3333333333333333,0.4,0.8333333333333334,198.16666666666669,287.0,75.16666666666667,20.5,683.3333333333333
0.0,Dennis Smith,22,27.333333333333332,0.0,0.0,0.10099999999999999,0.0,0.0,0.0,0.0,0.0,0.0,0.25,0.07142857142857142,0.5,6.833333333333333,34.166666666666664,20.5,6.833333333333333,20.5
0.0,Ish Smith,31,54.666666666666664,2142.25,10.1,0.469,1.0250000000000001,-1.0250000000000001,7.625,2.75,4.375,0.5,0.375,0.41935483870967744,0.5714285714285714,150.33333333333331,239.16666666666666,27.333333333333332,20.5,416.8333333333333
0.0,Tony Snell,28,82.0,2350.6666666666665,11.7,0.633,4.1,0.6833333333333333,10.0,1.5,1.9166666666666667,0.5833333333333334,0.16666666666666666,0.46236559139784944,1.0,123.0,157.16666666666669,47.833333333333336,13.666666666666666,820.0
0.0,Omari Spellman,22,68.33333333333334,1312.0,18.2,0.514,1.64,0.82,6.5,5.4,1.4,0.8,0.6,0.4074074074074074,0.8571428571428571,369.00000000000006,95.66666666666667,54.66666666666667,41.0,444.1666666666667
0.0,Edmond Sumner,24,20.5,0.0,0.0,0.52,0.0,0.0,0.0,0.0,0.0,0.0,0.3333333333333333,0.5,0.6,20.5,41.0,34.16666666666667,6.833333333333333,143.5
0.0,Caleb Swanigan,22,27.333333333333332,0.0,0.0,0.521,0.0,0.0,0.0,0.0,0.0,0.0,0.5,0.5,0.5,27.333333333333332,0.0,6.833333333333333,13.666666666666666,20.5
0.0,Jayson Tatum,21,61.5,2824.4444444444443,16.1,0.494,4.555555555555555,0.9111111111111111,19.444444444444443,7.666666666666667,2.3333333333333335,1.6666666666666667,0.6666666666666666,0.3902439024390244,0.7666666666666667,471.5,143.5,102.5,41.0,1195.8333333333333
0.0,Jeff Teague,31,41.0,2159.333333333333,18.9,0.627,8.2,0.0,13.166666666666666,2.1666666666666665,6.333333333333333,1.3333333333333333,0.16666666666666666,0.5,0.88,88.83333333333333,259.66666666666663,54.666666666666664,6.833333333333333,539.8333333333333
0.0,Garrett Temple,33,68.33333333333334,1779.3999999999999,13.9,0.602,4.1,1.64,7.5,2.4,1.6,1.2,0.5,0.43859649122807015,0.8333333333333334,164.0,109.33333333333334,82.0,34.16666666666667,512.5
0.0,Daniel Theis,27,54.666666666666664,1783.5,13.0,0.5,5.125,2.0500000000000003,6.125,6.375,1.25,0.25,2.125,0.42857142857142855,0.6875,348.5,68.33333333333333,13.666666666666666,116.16666666666666,334.8333333333333
0.0,Isaiah Thomas,30,41.0,1858.6666666666665,16.5,0.541,2.7333333333333334,0.0,13.166666666666666,2.1666666666666665,6.166666666666667,0.3333333333333333,0.3333333333333333,0.42857142857142855,1.0,88.83333333333333,252.83333333333334,13.666666666666666,13.666666666666666,539.8333333333333
0.0,Khyri Thomas,23,13.666666666666666,0.0,0.0,0.568,0.0,0.0,0.0,0.0,0.0,0.0,0.0,0.0,0.5,0.0,0.0,0.0,0.0,6.833333333333333
0.0,Matt Thomas,25,47.833333333333336,925.4285714285713,15.4,0.955,3.514285714285714,1.1714285714285715,5.0,1.0,0.2857142857142857,0.42857142857142855,0.0,0.7058823529411765,0.6666666666666666,47.833333333333336,13.666666666666666,20.5,0.0,239.16666666666669
0.0,Tristan Thompson,28,68.33333333333334,2746.9999999999995,23.8,0.565,12.299999999999999,4.919999999999999,16.5,11.4,2.3,0.9,1.4,0.5419847328244275,0.5882352941176471,779.0,157.16666666666666,61.5,95.66666666666667,1127.5
0.0,Matisse Thybulle,22,61.5,1248.2222222222222,5.8,0.391,0.0,0.9111111111111111,3.3333333333333335,1.1111111111111112,1.1111111111111112,1.7777777777777777,1.1111111111111112,0.2647058823529412,0.6,68.33333333333334,68.33333333333334,109.33333333333333,68.33333333333334,205.0
0.0,Anthony Tolliver,34,75.16666666666666,1438.7272727272727,4.7,0.389,-0.7454545454545455,-0.7454545454545455,3.1818181818181817,3.4545454545454546,0.7272727272727273,0.2727272727272727,0.36363636363636365,0.24390243902439024,0.7777777777777778,259.66666666666663,54.666666666666664,20.499999999999996,27.333333333333332,239.16666666666666
0.0,Karl-Anthony Towns,24,54.666666666666664,2706.0,28.8,0.618,14.35,8.200000000000001,25.5,12.125,4.25,1.375,1.75,0.4861111111111111,0.7083333333333334,662.8333333333333,232.33333333333331,75.16666666666666,95.66666666666666,1394.0
0.0,Gary Trent,21,47.833333333333336,691.1428571428571,7.6,0.444,0.0,0.0,2.2857142857142856,1.4285714285714286,0.42857142857142855,0.14285714285714285,0.0,0.3333333333333333,0.0,68.33333333333334,20.5,6.833333333333333,0.0,109.33333333333333
0.0,Allonzo Trier,24,54.666666666666664,1199.25,12.3,0.659,1.0250000000000001,-1.0250000000000001,7.125,1.5,1.5,0.25,0.375,0.47058823529411764,0.7619047619047619,82.0,82.0,13.666666666666666,20.5,389.5
0.0,P.J. Tucker,34,68.33333333333334,2787.9999999999995,12.8,0.6890000000000001,6.56,2.4599999999999995,10.6,6.9,1.8,1.2,0.5,0.5205479452054794,0.8888888888888888,471.50000000000006,123.0,82.0,34.16666666666667,724.3333333333334
0.0,Evan Turner,31,20.5,0.0,0.0,0.652,0.0,0.0,0.0,0.0,0.0,0.0,0.0,0.5714285714285714,0.8,20.5,47.833333333333336,20.5,0.0,82.0
0.0,Myles Turner,23,27.333333333333332,0.0,0.0,0.6709999999999999,0.0,0.0,0.0,0.0,0.0,0.0,1.25,0.55,0.7777777777777778,184.5,13.666666666666666,13.666666666666666,34.166666666666664,403.16666666666663
0.0,Jonas Valančiūnas,27,68.33333333333334,1844.9999999999998,17.6,0.565,2.4599999999999995,0.0,12.3,9.1,2.0,0.2,0.7,0.49504950495049505,0.9444444444444444,621.8333333333333,136.66666666666669,13.666666666666668,47.833333333333336,840.5000000000001
0.0,Denzel Valentine,26,13.666666666666666,0.0,0.0,0.3,0.0,0.0,0.0,0.0,0.0,0.0,0.0,0.2,0.0,13.666666666666666,0.0,0.0,0.0,20.5
0.0,Jarred Vanderbilt,20,13.666666666666666,0.0,0.0,0.0,0.0,0.0,0.0,0.0,0.0,0.0,0.0,0.0,0.0,6.833333333333333,6.833333333333333,0.0,0.0,0.0
0.0,Fred VanVleet,25,68.33333333333334,3132.3999999999996,13.8,0.508,7.38,1.64,15.8,4.2,7.7,1.6,0.1,0.35507246376811596,0.9,287.00000000000006,526.1666666666667,109.33333333333334,6.833333333333334,1079.6666666666667
0.0,Noah Vonleh,24,68.33333333333334,1090.6,13.4,0.57,2.4599999999999995,0.0,4.1,3.9,1.0,0.4,0.2,0.5,0.8888888888888888,266.5,68.33333333333334,27.333333333333336,13.666666666666668,280.16666666666663
0.0,Nikola Vučević,29,68.33333333333334,2599.3999999999996,21.3,0.505,8.2,3.28,17.1,11.5,3.2,0.9,1.0,0.4358974358974359,0.8666666666666667,785.8333333333334,218.66666666666669,61.5,68.33333333333334,1168.5000000000002
0.0,Moritz Wagner,22,54.666666666666664,1455.5,18.8,0.698,3.0749999999999997,0.0,10.75,5.25,0.25,0.625,1.25,0.6,0.8666666666666667,287.0,13.666666666666666,34.166666666666664,68.33333333333333,587.6666666666666
0.0,Kemba Walker,29,61.5,2760.6666666666665,24.4,0.6,12.755555555555555,5.466666666666666,25.0,5.111111111111111,4.555555555555555,0.8888888888888888,0.6666666666666666,0.4171779141104294,0.9107142857142857,314.3333333333333,280.16666666666663,54.666666666666664,41.0,1537.5
0.0,Lonnie Walker,21,41.0,328.0,-9.5,0.203,-2.7333333333333334,-1.3666666666666667,0.8333333333333334,1.1666666666666667,0.16666666666666666,0.0,0.16666666666666666,0.18181818181818182,0.3333333333333333,47.833333333333336,6.833333333333333,0.0,6.833333333333333,34.16666666666667
0.0,Tyrone Wallace,25,47.833333333333336,1042.5714285714284,7.0,0.491,0.0,-1.1714285714285715,4.428571428571429,2.2857142857142856,0.8571428571428571,0.2857142857142857,0.0,0.44,0.6,109.33333333333333,41.0,13.666666666666666,0.0,211.83333333333334
0.0,Taurean Waller-Prince,25,68.33333333333334,2533.7999999999997,12.2,0.59,3.28,0.0,13.1,6.3,1.2,1.2,0.4,0.4423076923076923,0.6875,430.5,82.0,82.0,27.333333333333336,895.1666666666666
0.0,Derrick Walton,24,13.666666666666666,0.0,0.0,0.0,0.0,0.0,0.0,0.0,0.0,0.0,0.0,0.0,0.0,0.0,0.0,0.0,0.0,0.0
0.0,Brad Wanamaker,30,61.5,1038.6666666666665,16.1,0.618,3.6444444444444444,0.9111111111111111,4.666666666666667,1.8888888888888888,1.7777777777777777,0.7777777777777778,0.1111111111111111,0.5333333333333333,0.8888888888888888,116.16666666666666,109.33333333333333,47.833333333333336,6.833333333333333,287.0
0.0,T.J. Warren,26,75.16666666666666,2825.272727272727,16.2,0.5710000000000001,7.454545454545454,0.7454545454545455,18.454545454545453,3.272727272727273,1.3636363636363635,1.4545454545454546,0.36363636363636365,0.5297619047619048,0.7727272727272727,246.0,102.49999999999999,109.33333333333333,27.333333333333332,1387.1666666666665
0.0,PJ Washington,21,68.33333333333334,2591.2,15.5,0.619,5.739999999999999,1.64,13.5,6.2,1.4,1.4,0.7,0.5102040816326531,0.72,423.6666666666667,95.66666666666667,95.66666666666667,47.833333333333336,922.5
0.0,Yuta Watanabe,25,6.833333333333333,0.0,0.0,1.0,0.0,0.0,0.0,0.0,0.0,0.0,0.0,1.0,0.0,6.833333333333333,0.0,0.0,0.0,27.333333333333332
0.0,Russell Westbrook,31,61.5,2706.0,20.4,0.532,5.466666666666666,2.733333333333333,21.88888888888889,8.666666666666666,7.444444444444445,2.0,0.4444444444444444,0.4720496894409938,0.6545454545454545,533.0,457.83333333333337,123.0,27.333333333333332,1346.1666666666667
0.0,Coby White,19,75.16666666666666,1990.3636363636363,11.1,0.467,0.0,-1.490909090909091,12.545454545454545,3.272727272727273,2.272727272727273,0.6363636363636364,0.0,0.36764705882352944,0.7407407407407407,246.0,170.83333333333334,47.83333333333333,0.0,942.9999999999999
0.0,Derrick White,25,68.33333333333334,1935.1999999999998,17.4,0.597,6.56,1.64,11.9,2.9,2.2,0.4,0.8,0.47674418604651164,0.8709677419354839,198.16666666666666,150.33333333333334,27.333333333333336,54.66666666666667,813.1666666666667
0.0,Hassan Whiteside,30,68.33333333333334,2238.6,24.8,0.622,9.839999999999998,1.64,15.1,12.5,0.8,0.4,1.8,0.5825242718446602,0.7380952380952381,854.1666666666667,54.66666666666667,27.333333333333336,123.0,1031.8333333333335
0.0,Andrew Wiggins,24,68.33333333333334,2869.9999999999995,21.1,0.556,9.02,1.64,25.5,4.8,3.3,0.6,1.1,0.47342995169082125,0.7254901960784313,328.0,225.5,41.0,75.16666666666667,1742.5
0.0,Grant Williams,21,61.5,1293.7777777777778,6.5,0.354,0.9111111111111111,0.0,2.7777777777777777,2.6666666666666665,1.2222222222222223,0.5555555555555556,0.6666666666666666,0.26666666666666666,0.75,164.0,75.16666666666667,34.16666666666667,41.0,170.83333333333331
0.0,Kenrich Williams,25,68.33333333333334,1680.9999999999998,13.8,0.5660000000000001,4.1,1.64,6.1,4.7,1.7,0.9,0.6,0.4489795918367347,0.45454545454545453,321.1666666666667,116.16666666666667,61.5,41.0,416.8333333333333
0.0,Lou Williams,33,68.33333333333334,2615.7999999999997,19.6,0.542,7.38,1.64,22.3,3.7,5.6,0.4,0.3,0.4093567251461988,0.8354430379746836,252.83333333333334,382.6666666666667,27.333333333333336,20.5,1523.8333333333335
0.0,Marvin Williams,33,68.33333333333334,1418.6,11.8,0.626,2.4599999999999995,0.0,6.2,2.1,0.5,0.5,0.2,0.4782608695652174,0.875,143.50000000000003,34.16666666666667,34.16666666666667,13.666666666666668,423.6666666666667
0.0,Robert Williams,22,54.666666666666664,1312.0,24.4,0.759,8.200000000000001,4.1000000000000005,5.875,4.875,1.875,1.0,1.625,0.7777777777777778,0.5555555555555556,266.5,102.5,54.666666666666664,88.83333333333333,321.16666666666663
0.0,Nigel Williams-Goss,25,27.333333333333332,0.0,0.0,0.0,0.0,0.0,0.0,0.0,0.0,0.0,0.0,0.0,0.0,0.0,6.833333333333333,0.0,0.0,0.0
0.0,D.J. Wilson,23,27.333333333333332,0.0,0.0,0.278,0.0,0.0,0.0,0.0,0.0,0.0,0.0,0.2222222222222222,0.0,27.333333333333332,13.666666666666666,0.0,0.0,34.166666666666664
0.0,Justise Winslow,23,34.16666666666667,0.0,0.0,0.434,0.0,0.0,0.0,0.0,0.0,0.0,0.6,0.3888888888888889,0.5882352941176471,273.33333333333337,164.0,34.16666666666667,20.5,471.50000000000006
0.0,Christian Wood,24,68.33333333333334,1295.6,21.5,0.695,4.1,0.0,8.6,3.9,0.3,0.3,0.9,0.6,0.6296296296296297,266.5,20.5,20.5,61.5,587.6666666666667
0.0,Delon Wright,27,68.33333333333334,1935.1999999999998,17.8,0.61,7.38,1.64,8.2,3.6,3.7,1.1,0.2,0.5245901639344263,0.8571428571428571,246.0,252.83333333333334,75.16666666666667,13.666666666666668,560.3333333333333
0.0,Thaddeus Young,31,75.16666666666666,1871.090909090909,14.0,0.527,2.2363636363636363,0.7454545454545455,10.0,4.0,1.5454545454545454,1.1818181818181819,0.2727272727272727,0.46464646464646464,0.4166666666666667,300.66666666666663,116.16666666666666,88.83333333333333,20.499999999999996,751.6666666666666
0.0,Trae Young,21,61.5,2751.5555555555557,27.0,0.606,10.022222222222222,6.377777777777777,28.0,4.333333333333333,8.666666666666666,1.5555555555555556,0.1111111111111111,0.46368715083798884,0.803030303030303,266.5,533.0,95.66666666666667,6.833333333333333,1722.0
0.0,Cody Zeller,27,61.5,2150.222222222222,20.5,0.595,7.288888888888889,1.8222222222222222,12.88888888888889,9.777777777777779,1.3333333333333333,0.5555555555555556,0.3333333333333333,0.5348837209302325,0.6923076923076923,601.3333333333334,82.0,34.16666666666667,20.5,792.6666666666667
0.0,Ivica Zubac,22,68.33333333333334,1320.1999999999998,28.3,0.682,8.2,2.4599999999999995,9.2,7.0,0.5,0.3,1.4,0.625,0.8461538461538461,478.33333333333337,34.16666666666667,20.5,95.66666666666667,628.6666666666666
